-- phpMyAdmin SQL Dump
-- version 5.2.0
-- https://www.phpmyadmin.net/
--
-- Host: 127.0.0.1
-- Generation Time: May 11, 2023 at 07:19 AM
-- Server version: 10.4.27-MariaDB
-- PHP Version: 8.0.25

SET SQL_MODE = "NO_AUTO_VALUE_ON_ZERO";
START TRANSACTION;
SET time_zone = "+00:00";


/*!40101 SET @OLD_CHARACTER_SET_CLIENT=@@CHARACTER_SET_CLIENT */;
/*!40101 SET @OLD_CHARACTER_SET_RESULTS=@@CHARACTER_SET_RESULTS */;
/*!40101 SET @OLD_COLLATION_CONNECTION=@@COLLATION_CONNECTION */;
/*!40101 SET NAMES utf8mb4 */;

--
-- Database: `tracnghiemonline`
--

-- --------------------------------------------------------

--
-- Table structure for table `cauhoi`
--

CREATE TABLE `cauhoi` (
  `macauhoi` int(11) NOT NULL,
  `noidung` varchar(500) NOT NULL,
  `dokho` int(11) NOT NULL,
  `mamonhoc` int(11) NOT NULL,
  `machuong` int(11) NOT NULL,
  `nguoitao` varchar(50) DEFAULT NULL,
  `trangthai` int(11) DEFAULT 1
) ENGINE=InnoDB DEFAULT CHARSET=utf8mb4 COLLATE=utf8mb4_general_ci;

--
-- Dumping data for table `cauhoi`
--

INSERT INTO `cauhoi` (`macauhoi`, `noidung`, `dokho`, `mamonhoc`, `machuong`, `nguoitao`, `trangthai`) VALUES
(1, 'OOP là viết tắt của:', 1, 841059, 7, '3121410422', 1),
(2, 'Đặc điểm cơ bản của lập trình hướng đối tượng thể hiện ở:', 2, 841059, 7, '3121410422', 1),
(3, 'Lập trình hướng đối tượng là:', 3, 841059, 7, '3121410422', 1),
(4, 'Thế nào được gọi là hiện tượng nạp chồng ?', 1, 841059, 7, '3121410422', 1),
(5, 'Trong java, khi khai báo một thuộc tính hoặc một hàm của một lớp mà không có từ khóa quyền truy cập thì mặc định quyền truy cập là gì?', 2, 841059, 7, '3121410422', 1),
(6, 'Đối với quyền truy cập nào thì cho phép truy cập các lớp con trong cùng gói với lớp cha ?', 3, 841059, 7, '3121410422', 1),
(7, 'Khi xây dựng phương thức khởi tạo (constructor), việc thường làm là :', 1, 841059, 7, '3121410422', 1),
(8, 'Phương thức khởi tạo (constructor) là phương thức được thực thi :', 2, 841059, 7, '3121410422', 1),
(9, 'Tên của phương thức khởi tạo:', 3, 841059, 7, '3121410422', 1),
(10, 'Đối tượng sống kể từ khi:', 1, 841059, 7, '3121410422', 1),
(11, 'Chọn câu đúng nhất đối với hướng dẫn tạo lớp:', 2, 841059, 7, '3121410422', 1),
(12, 'Từ khóa static có thể đứng trước:', 3, 841059, 7, '3121410422', 1),
(13, 'Cho biết kết quả câu lệnh sau: System.out.println(Math.round(Math.random()*1000000)%100);', 1, 841059, 7, '3121410422', 1),
(14, 'Khi định nghĩa lớp con, từ khóa extends trong Java:', 2, 841059, 7, '3121410422', 1),
(15, 'Khi định nghĩa một lớp con:', 3, 841059, 7, '3121410422', 1),
(16, 'Từ khóa this trong Java là:', 1, 841059, 7, '3121410422', 1),
(17, 'Nếu modifier của lớp là public thì tên file .java:', 2, 841059, 7, '3121410422', 1),
(18, 'Biến đối tượng trong Java là:', 3, 841059, 7, '3121410422', 1),
(19, 'Khi một thành phần của class được khai báo modifier là friendly thì thành phần đó:', 1, 841059, 7, '3121410422', 1),
(20, 'Ưu điểm của OOP:', 2, 841059, 7, '3121410422', 1),
(21, 'Ưu điểm của OOP:', 3, 841059, 7, '3121410422', 1),
(22, 'Ưu điểm của class file trong Java là:', 1, 841059, 7, '3121410422', 1),
(23, 'Source code của java có tên mở rộng là:', 2, 841059, 7, '3121410422', 1),
(24, 'JDK bao gồm các thành phần chính:', 3, 841059, 7, '3121410422', 1),
(25, 'Lớp Student có các thuộc tính: name, age và các phương thức: getName(), getAge(). Giả sử x là một đối tượng thuộc lớp Student. Chọn phát biểu đúng trong OOP:', 1, 841059, 7, '3121410422', 1),
(26, 'Bao đóng là một đặt tính của OOP nhằm để:', 2, 841059, 7, '3121410422', 1),
(27, 'Các từ khóa cho cấu trúc rẽ nhánh của Java gồm:', 3, 841059, 7, '3121410422', 1),
(28, 'Các hằng trong Java gồm:', 1, 841059, 7, '3121410422', 1),
(29, 'Tên đầu tiên của Java là gì?', 2, 841059, 7, '3121410422', 1),
(30, 'Giả sử đã định nghĩa lớp XX với một phương thức thông thường là Display, sau đó sinh ra đối tượng objX từ lớp XX. Để gọi phương thức Display ta sử dụng cú pháp nào ?', 3, 841059, 7, '3121410422', 1),
(31, 'Đối tượng là gì ?', 1, 841059, 7, '3121410422', 1),
(32, 'Từ khoá nào được sử dụng để khai báo một phương thức trong Java?', 2, 841059, 7, '3121410422', 1),
(33, 'Từ khoá nào được sử dụng để khai báo một biến trong Java?', 3, 841059, 7, '3121410422', 1),
(34, 'Từ khoá nào được sử dụng để khai báo một phương thức làm việc với đối tượng của lớp?', 1, 841059, 7, '3121410422', 1),
(35, 'Từ khoá nào được sử dụng để khai báo một phương thức được ghi đè trong Java?', 2, 841059, 7, '3121410422', 1),
(36, 'Từ khoá nào được sử dụng để khai báo một phương thức được gọi tự động khi một đối tượng được tạo ra?', 3, 841059, 7, '3121410422', 1),
(37, 'Từ khoá nào được sử dụng để khai báo một phương thức hoạt động như một lớp trừu tượng?', 1, 841059, 7, '3121410422', 1),
(38, 'Từ khoá nào được sử dụng để khai báo một lớp trừu tượng trong Java?', 2, 841059, 7, '3121410422', 1),
(39, 'Trong Java, lớp con là gì?', 3, 841059, 7, '3121410422', 1),
(40, 'Đặc điểm của Tính bao gói trong Lập trình hướng đối tượng:', 1, 841059, 7, '3121410422', 1),
(41, 'Tính kế thừa trong lập trình hướng đối tượng:', 2, 841059, 7, '3121410422', 1),
(42, 'Trong kế thừa. Lớp mới có thuật ngữ tiếng Anh là:', 3, 841059, 7, '3121410422', 1),
(43, 'Trong kế thừa. Lớp cha có thuật ngữ tiếng Anh là:', 1, 841059, 7, '3121410422', 1),
(44, 'Đặc điểm của Tính đa hình ?', 2, 841059, 7, '3121410422', 1),
(45, 'Khái niệm Lớp đối tượng?', 3, 841059, 7, '3121410422', 1),
(46, '<p>Sau khi khai b&aacute;o v&agrave; x&acirc;y dựng th&agrave;nh c&ocirc;ng lớp đối tượng Sinh vi&ecirc;n. Khi đ&oacute; lớp đối tượng Sinh vi&ecirc;n c&ograve;n được gọi l&agrave; :</p>\n', 1, 841059, 7, '3121410422', 1),
(48, 'Trong các phương án sau, phương án nào mô tả đối tượng:', 2, 841059, 7, '3121410422', 1),
(49, 'Muốn lập trình hướng đối tượng, bạn cần phải phân tích chương trình, bài toán thành các:', 3, 841059, 7, '3121410422', 1),
(50, 'Trong phương án sau, phương án mô tả tính đa hình là', 1, 841059, 7, '3121410422', 1),
(51, 'Phương pháp lập trình tuần tự là:', 2, 841059, 7, '3121410422', 1),
(52, 'Phương pháp lập trình cấu trúc là:', 3, 841059, 7, '3121410422', 1),
(53, '<p>Khi khai b&aacute;o v&agrave; x&acirc;y dựng th&agrave;nh c&ocirc;ng lớp đối tượng, để truy cập v&agrave;o th&agrave;nh phần của lớp ta phải:</p>\n', 2, 841059, 7, '3121410422', 1),
(54, 'Phương pháp lập trình module là:', 1, 841059, 7, '3121410422', 1),
(55, 'Khái niệm Trừu tượng hóa:', 2, 841059, 7, '3121410422', 1),
(56, 'Khi khai báo và xây dựng một lớp ta cần phải xác định rõ thành phần:', 3, 841059, 7, '3121410422', 1),
(57, 'Chọn câu đúng về thành phần public của lớp:', 1, 841059, 7, '3121410422', 1),
(58, 'Khi khai báo lớp trong các ngôn ngữ lập trình hướng đối tượng phải sử dụng từ khóa:', 2, 841059, 7, '3121410422', 1),
(59, 'Khái niệm của Phương thức là:', 3, 841059, 7, '3121410422', 1),
(60, 'Cho lớp người hãy xác định đâu là các thuộc tính của lớp người:', 1, 841059, 7, '3121410422', 1),
(61, 'Cho lớp Điểm trong hệ tọa độ xOy. Các phương thức có thể của lớp điểm là:', 2, 841059, 7, '3121410422', 1),
(62, 'PHP là ngôn ngữ lập trình nào sau đây?', 1, 841464, 25, '3121410422', 1),
(63, 'Đâu là cách khai báo một biến trong PHP?', 1, 841464, 25, '3121410422', 1),
(64, 'Cú pháp nào dưới đây đúng để khai báo một hằng số trong PHP?', 1, 841464, 25, '3121410422', 1),
(65, 'Thẻ nào sau đây là mở đầu của một đoạn mã PHP?', 1, 841464, 25, '3121410422', 1),
(66, 'Thẻ nào sau đây là kết thúc của một đoạn mã PHP?', 1, 841464, 25, '3121410422', 1),
(67, 'Hàm nào sau đây dùng để in giá trị của một biến trong PHP?', 1, 841464, 25, '3121410422', 1),
(68, 'Đâu là phiên bản PHP đầu tiên hỗ trợ lập trình hướng đối tượng (OOP)?', 2, 841464, 25, '3121410422', 1),
(69, 'Hàm nào sau đây không phải là một hàm có sẵn trong PHP?', 2, 841464, 25, '3121410422', 1),
(70, 'Đâu là cách thức đúng để nhúng mã PHP vào trong một tệp HTML?', 2, 841464, 25, '3121410422', 1),
(71, 'Đâu là cách đúng để nhận giá trị của một tham số truyền qua phương thức GET trong PHP?', 2, 841464, 25, '3121410422', 1),
(72, 'Hàm nào sau đây không phải là một hàm có sẵn trong PHP để kiểm tra kiểu dữ liệu của một biến?', 3, 841464, 25, '3121410422', 1),
(73, 'Đâu là phiên bản PHP được phát hành năm 2004?', 3, 841464, 25, '3121410422', 1),
(74, 'Trong PHP, hàm &quot;die()&quot; có chức năng gì?', 3, 841464, 25, '3121410422', 1),
(75, 'Hàm nào sau đây không phải là một hàm có sẵn trong PHP để kiểm tra kiểu dữ liệu của một biến?', 3, 841464, 25, '3121410422', 1),
(76, 'Đâu là cách thức đúng để nhúng mã PHP vào trong một tệp HTML?', 3, 841464, 25, '3121410422', 1),
(77, 'Hàm nào sau đây không được sử dụng để gỡ lỗi trong PHP?', 3, 841464, 25, '3121410422', 1),
(78, 'Đâu là cách đúng để nhận giá trị của một tham số truyền qua phương thức POST trong PHP?', 3, 841464, 25, '3121410422', 1),
(79, 'Đâu là cách thức đúng để sử dụng một biến toàn cục trong một hàm trong PHP?', 2, 841464, 25, '3121410422', 1),
(80, 'Đâu là tên của biến môi trường trong PHP dùng để lưu trữ thông tin về phiên bản PHP đang chạy?', 2, 841464, 25, '3121410422', 1),
(81, 'Hàm nào dùng để lấy giá trị của một hằng số trong PHP?', 2, 841464, 25, '3121410422', 1),
(82, 'Đâu là cách đúng để khai báo một biến kiểu boolean trong PHP?', 2, 841464, 25, '3121410422', 1),
(83, 'Trong PHP, toán tử nào sau đây dùng để nối chuỗi?', 1, 841464, 25, '3121410422', 1),
(84, 'Đâu là cách đúng để gán giá trị cho một mảng trong PHP?', 1, 841464, 25, '3121410422', 1),
(85, 'Hàm nào sau đây dùng để đếm số phần tử của một mảng trong PHP?', 1, 841464, 25, '3121410422', 1),
(86, 'Đâu là cách đúng để khai báo một biến kiểu float trong PHP?', 2, 841464, 25, '3121410422', 1),
(87, 'Đâu là cách thức đúng để nhúng mã PHP vào trong một tệp CSS?', 2, 841464, 25, '3121410422', 1),
(88, 'Đâu là hàm PHP dùng để kiểm tra một chuỗi có chứa một chuỗi khác hay không?', 3, 841464, 25, '3121410422', 1),
(89, 'Hàm nào sau đây không được sử dụng để xử lý chuỗi trong PHP?', 3, 841464, 25, '3121410422', 1),
(90, 'Đâu là cách đúng để xóa khoảng trắng ở đầu và cuối một chuỗi trong PHP?', 3, 841464, 25, '3121410422', 1),
(91, 'Hàm nào sau đây không phải là một hàm có sẵn trong PHP để xử lý mảng?', 3, 841464, 25, '3121410422', 1),
(92, 'Đâu là cách thức đúng để gửi dữ liệu từ một biểu mẫu HTML đến tệp PHP xử lý bằng phương thức POST?', 2, 841464, 25, '3121410422', 1),
(93, 'Trong PHP, hàm nào sau đây dùng để mã hóa mật khẩu?', 2, 841464, 25, '3121410422', 1),
(94, 'Hàm nào sau đây dùng để lấy thời gian hiện tại trong PHP?', 1, 841464, 25, '3121410422', 1),
(95, 'Trong PHP, hàm nào sau đây dùng để chuyển đổi một chuỗi sang dạng số nguyên?', 1, 841464, 25, '3121410422', 1),
(96, 'Hàm nào sau đây dùng để kiểm tra một biến có phải là số nguyên hay không?', 1, 841464, 25, '3121410422', 1),
(97, 'Đâu là cách đúng để bắt đầu một phiên làm việc (session) trong PHP?', 2, 841464, 25, '3121410422', 1),
(98, 'Trong PHP, hàm nào sau đây dùng để chuyển hướng người dùng đến một trang web khác?', 2, 841464, 25, '3121410422', 1),
(99, 'Đâu là cách đúng để kiểm tra một biến có tồn tại hay không trong PHP?', 2, 841464, 25, '3121410422', 1),
(100, 'Hàm nào sau đây dùng để lấy tên miền của một URL trong PHP?', 3, 841464, 25, '3121410422', 1),
(101, 'Đâu là cách đúng để định nghĩa một hàm trong PHP?', 3, 841464, 25, '3121410422', 1),
(102, 'Hàm nào sau đây dùng để đọc nội dung của một tệp trong PHP?', 3, 841464, 25, '3121410422', 1),
(103, 'Trong PHP, đâu là cách đúng để thiết lập vùng thời gian mặc định cho các hàm liên quan đến ngày và giờ?', 3, 841464, 25, '3121410422', 1),
(104, 'Trong PHP, ký tự nào dùng để bắt đầu tên của một biến?', 1, 841464, 26, '3121410422', 1),
(105, 'Trong PHP, biến có phân biệt chữ hoa chữ thường không?', 1, 841464, 26, '3121410422', 1),
(106, 'Đâu là cách đúng để khai báo một biến kiểu số nguyên trong PHP?', 2, 841464, 26, '3121410422', 1),
(107, 'Đâu là cách đúng để khai báo một biến kiểu chuỗi trong PHP?', 2, 841464, 26, '3121410422', 1),
(108, 'Đâu là cách đúng để khai báo một biến kiểu mảng trong PHP?', 2, 841464, 26, '3121410422', 1),
(109, 'Đâu là cách đúng để khai báo một biến kiểu đối tượng trong PHP?', 3, 841464, 26, '3121410422', 1),
(110, 'Đâu là cách đúng để khai báo một biến kiểu null trong PHP?', 3, 841464, 26, '3121410422', 1),
(111, 'Trong PHP, toán tử nào sau đây dùng để gán giá trị cho một biến?', 1, 841464, 26, '3121410422', 1),
(112, 'Trong PHP, toán tử nào sau đây dùng để so sánh bằng về giá trị?', 1, 841464, 26, '3121410422', 1),
(113, 'Trong PHP, toán tử nào sau đây dùng để so sánh bằng về giá trị và kiểu dữ liệu?', 1, 841464, 26, '3121410422', 1),
(114, 'Đâu là cách đúng để khai báo một hằng số trong PHP?', 2, 841464, 26, '3121410422', 1),
(115, 'Hàm nào sau đây không phải là một hàm có sẵn trong PHP để kiểm tra kiểu dữ liệu của một biến?', 2, 841464, 26, '3121410422', 1),
(116, 'Đâu là cách đúng để ép kiểu một biến sang kiểu số nguyên trong PHP?', 3, 841464, 26, '3121410422', 1),
(117, 'Đâu là cách đúng để ép kiểu một biến sang kiểu số thực (float) trong PHP?', 3, 841464, 26, '3121410422', 1),
(118, 'Đâu là cách đúng để ép kiểu một biến sang kiểu chuỗi trong PHP?', 2, 841464, 26, '3121410422', 1),
(119, 'Đâu là cách đúng để ép kiểu một biến sang kiểu mảng trong PHP?', 2, 841464, 26, '3121410422', 1),
(120, 'Đâu là cách đúng để ép kiểu một biến sang kiểu đối tượng trong PHP?', 3, 841464, 26, '3121410422', 1),
(121, 'Trong PHP, đâu là cách đúng để ghép hai chuỗi lại với nhau?', 1, 841464, 26, '3121410422', 1),
(122, 'Trong PHP, đâu là cách đúng để chuyển đổi một chuỗi sang kiểu số nguyên?', 2, 841464, 26, '3121410422', 1),
(123, 'Trong PHP, đâu là cách đúng để chuyển đổi một chuỗi sang kiểu số thực (float)?', 2, 841464, 26, '3121410422', 1),
(124, 'Trong PHP, đâu là cách đúng để chuyển đổi một số nguyên sang kiểu chuỗi?', 3, 841464, 26, '3121410422', 1),
(125, 'Trong PHP, đâu là cách đúng để chuyển đổi một số thực (float) sang kiểu chuỗi?', 3, 841464, 26, '3121410422', 1),
(126, 'Đâu là cách đúng để lấy giá trị tuyệt đối của một biến trong PHP?', 1, 841464, 26, '3121410422', 1),
(127, 'Trong PHP, hàm nào sau đây dùng để làm tròn một số thực xuống số nguyên gần nhất?', 1, 841464, 26, '3121410422', 1),
(128, 'Trong PHP, hàm nào sau đây dùng để làm tròn một số thực lên số nguyên gần nhất?', 2, 841464, 26, '3121410422', 1),
(129, 'Trong PHP, hàm nào sau đây dùng để làm tròn một số thực đến số nguyên gần nhất?', 2, 841464, 26, '3121410422', 1),
(130, 'Trong PHP, hàm nào sau đây dùng để tìm giá trị lớn nhất trong một danh sách các số?', 3, 841464, 26, '3121410422', 1),
(131, 'Trong PHP, hàm nào sau đây dùng để tìm giá trị nhỏ nhất trong một danh sách các số?', 3, 841464, 26, '3121410422', 1),
(132, 'Trong PHP, hàm nào sau đây dùng để sinh một số ngẫu nhiên trong một khoảng cho trước?', 1, 841464, 26, '3121410422', 1),
(133, 'Trong PHP, hàm nào sau đây dùng để kiểm tra xem một biến có phải là số nguyên dương hay không?', 2, 841464, 26, '3121410422', 1),
(134, 'Trong PHP, hàm nào sau đây dùng để kiểm tra xem một biến có phải là số nguyên âm hay không?', 2, 841464, 26, '3121410422', 1),
(135, 'Trong PHP, hàm nào sau đây dùng để kiểm tra xem một biến có phải là số nguyên tố hay không?', 3, 841464, 26, '3121410422', 1),
(136, 'Trong PHP, hàm nào dùng để kiểm tra một biến có tồn tại và có giá trị khác NULL hay không?', 3, 841464, 26, '3121410422', 1),
(137, 'Trong PHP, hàm nào dùng để kiểm tra một biến có tồn tại và có giá trị rỗng hay không?', 1, 841464, 26, '3121410422', 1),
(138, 'Trong PHP, hàm nào dùng để kiểm tra một biến có phải là kiểu NULL hay không?', 1, 841464, 26, '3121410422', 1),
(139, 'Trong PHP, hàm nào dùng để kiểm tra một biến có phải là kiểu boolean hay không?', 2, 841464, 26, '3121410422', 1),
(140, 'Trong PHP, hàm nào dùng để kiểm tra một biến có phải là kiểu số nguyên hay không?', 2, 841464, 26, '3121410422', 1),
(141, 'Trong PHP, hàm nào dùng để kiểm tra một biến có phải là kiểu số thực hay không?', 3, 841464, 26, '3121410422', 1),
(142, 'Trong PHP, hàm nào dùng để kiểm tra một biến có phải là kiểu chuỗi hay không?', 3, 841464, 26, '3121410422', 1),
(143, 'Trong PHP, từ khóa nào dùng để bắt đầu một cấu trúc if?', 1, 841464, 27, '3121410422', 1),
(144, 'Trong PHP, từ khóa nào dùng để bắt đầu một cấu trúc switch?', 1, 841464, 27, '3121410422', 1),
(145, 'Trong PHP, từ khóa nào dùng để bắt đầu một vòng lặp while?', 1, 841464, 27, '3121410422', 1),
(146, 'Trong PHP, từ khóa nào dùng để bắt đầu một vòng lặp do-while?', 2, 841464, 27, '3121410422', 1),
(147, 'Trong PHP, từ khóa nào dùng để bắt đầu một vòng lặp for?', 2, 841464, 27, '3121410422', 1),
(148, 'Trong PHP, từ khóa nào dùng để bắt đầu một vòng lặp foreach?', 2, 841464, 27, '3121410422', 1),
(149, 'Trong PHP, từ khóa nào dùng để ngắt một vòng lặp?', 3, 841464, 27, '3121410422', 1),
(150, 'Trong PHP, từ khóa nào dùng để bỏ qua một lần lặp và tiếp tục vòng lặp tiếp theo?', 3, 841464, 27, '3121410422', 1),
(151, 'Trong PHP, từ khóa nào dùng để xử lý điều kiện nếu không thỏa mãn điều kiện if?', 1, 841464, 27, '3121410422', 1),
(152, 'Trong PHP, từ khóa nào dùng để xử lý nhiều điều kiện trong một câu lệnh if?', 2, 841464, 27, '3121410422', 1),
(153, 'Trong PHP, từ khóa nào dùng để xác định một trường hợp cụ thể trong một cấu trúc switch?', 2, 841464, 27, '3121410422', 1),
(154, 'Trong PHP, từ khóa nào dùng để xử lý trường hợp mặc định trong một cấu trúc switch?', 3, 841464, 27, '3121410422', 1),
(155, 'Trong PHP, từ khóa nào dùng để kết thúc một câu lệnh điều khiển (if, switch, for, while, do-while, foreach)?', 1, 841464, 27, '3121410422', 1),
(156, 'Trong PHP, từ khóa nào dùng để kết hợp các điều kiện trong một câu lệnh if với điều kiện &quot;và&quot;?', 2, 841464, 27, '3121410422', 1),
(157, 'Trong PHP, từ khóa nào dùng để kết hợp các điều kiện trong một câu lệnh if với điều kiện &quot;hoặc&quot;?', 2, 841464, 27, '3121410422', 1),
(158, 'Trong PHP, từ khóa nào dùng để đảo ngược kết quả của một điều kiện?', 3, 841464, 27, '3121410422', 1),
(159, 'Trong PHP, vòng lặp nào sẽ tiếp tục chạy cho đến khi điều kiện không còn đúng nữa?', 1, 841464, 28, '3121410422', 1),
(160, 'Trong PHP, vòng lặp nào sẽ chạy ít nhất một lần, sau đó kiểm tra điều kiện để tiếp tục lặp lại?', 1, 841464, 28, '3121410422', 1),
(161, 'Trong PHP, vòng lặp nào thường dùng để lặp một số lần xác định trước?', 1, 841464, 28, '3121410422', 1),
(162, 'Trong PHP, vòng lặp nào dùng để lặp qua các phần tử của một mảng?', 2, 841464, 28, '3121410422', 1),
(163, 'Trong PHP, từ khóa nào dùng để chỉ ra giá trị của mỗi phần tử trong mảng khi sử dụng vòng lặp foreach?', 2, 841464, 28, '3121410422', 1),
(164, 'Trong PHP, hàm nào dùng để đếm số phần tử trong mảng, thường dùng để định nghĩa điều kiện trong vòng lặp for?', 2, 841464, 28, '3121410422', 1),
(165, 'Trong PHP, từ khóa nào dùng để tăng một biến số đếm trong vòng lặp?', 1, 841464, 28, '3121410422', 1),
(166, 'Trong PHP, từ khóa nào dùng để giảm một biến số đếm trong vòng lặp?', 2, 841464, 28, '3121410422', 1),
(167, 'Trong PHP, làm thế nào để lặp qua mảng kết hợp (associative array) bằng vòng lặp foreach?', 3, 841464, 28, '3121410422', 1),
(168, 'Trong PHP, làm thế nào để ngắt vòng lặp for sớm khi thỏa mãn một điều kiện nhất định?', 1, 841464, 28, '3121410422', 1),
(169, 'Trong PHP, làm thế nào để bỏ qua một lần lặp trong vòng lặp for và tiếp tục lần lặp tiếp theo?', 2, 841464, 28, '3121410422', 1),
(170, 'Trong PHP, làm thế nào để lặp qua một mảng nhiều chiều (multidimensional array) bằng vòng lặp foreach?', 3, 841464, 28, '3121410422', 1),
(171, 'Trong PHP, làm thế nào để lặp qua một mảng có số lượng phần tử không xác định trước bằng vòng lặp for?', 3, 841464, 28, '3121410422', 1),
(172, 'Trong PHP, hàm nào dùng để lấy giá trị của một phần tử trong mảng theo key?', 2, 841464, 28, '3121410422', 1),
(173, 'Trong PHP, để lặp qua một mảng số, bạn có thể dùng vòng lặp nào sau đây?', 1, 841464, 28, '3121410422', 1),
(174, 'Trong PHP, làm thế nào để lặp qua một mảng và xử lý từng phần tử với một hàm nào đó?', 3, 841464, 28, '3121410422', 1),
(175, 'Trong PHP, nếu muốn ngắt vòng lặp while sớm khi thỏa mãn một điều kiện nhất định, bạn dùng từ khóa nào?', 1, 841464, 28, '3121410422', 1),
(176, 'Trong PHP, từ khóa nào dùng để bỏ qua một lần lặp trong vòng lặp while và tiếp tục lần lặp tiếp theo?', 2, 841464, 28, '3121410422', 1),
(177, 'Trong PHP, làm thế nào để lặp qua một mảng có key không liên tục bằng vòng lặp for?', 3, 841464, 28, '3121410422', 1),
(178, 'Trong PHP, để tạo một vòng lặp vô hạn, bạn sử dụng cú pháp nào sau đây?', 1, 841464, 28, '3121410422', 1),
(179, 'Trong PHP, làm thế nào để lặp qua một mảng có key dạng chuỗi (string) bằng vòng lặp for?', 2, 841464, 28, '3121410422', 1),
(180, 'Trong PHP, làm thế nào để lặp qua một mảng và chỉ xử lý những phần tử thỏa mãn một điều kiện nào đó?', 3, 841464, 28, '3121410422', 1),
(181, 'Trong PHP, để lặp qua một mảng và cập nhật giá trị của từng phần tử, bạn nên dùng vòng lặp nào?', 1, 841464, 28, '3121410422', 1),
(182, 'Trong PHP, vòng lặp nào sau đây không thể dùng để lặp qua mảng số (indexed array)?', 2, 841464, 28, '3121410422', 1),
(183, 'Trong PHP, làm thế nào để lặp qua mảng kết hợp (associative array) và chỉ lấy giá trị của từng phần tử?', 3, 841464, 28, '3121410422', 1),
(184, 'Trong PHP, mảng nào sau đây là mảng số (indexed array)?', 1, 841464, 29, '3121410422', 1),
(185, 'Trong PHP, mảng nào sau đây là mảng kết hợp (associative array)?', 2, 841464, 29, '3121410422', 1),
(186, 'Trong PHP, làm thế nào để tạo một mảng hai chiều (2D array)?', 3, 841464, 29, '3121410422', 1),
(187, 'Trong PHP, hàm nào dùng để đếm số lượng phần tử trong mảng?', 1, 841464, 29, '3121410422', 1),
(188, 'Trong PHP, hàm nào dùng để kiểm tra một biến có phải là mảng hay không?', 2, 841464, 29, '3121410422', 1),
(189, 'Trong PHP, hàm nào dùng để kiểm tra một mảng có phải là mảng số (indexed array) hay không?', 3, 841464, 29, '3121410422', 1),
(190, 'Trong PHP, hàm nào dùng để thêm một phần tử vào cuối mảng?', 1, 841464, 29, '3121410422', 1),
(191, 'Trong PHP, hàm nào dùng để thêm một phần tử vào đầu mảng?', 2, 841464, 29, '3121410422', 1),
(192, 'Trong PHP, hàm nào dùng để loại bỏ phần tử đầu tiên của mảng và trả về giá trị của phần tử đó?', 3, 841464, 29, '3121410422', 1),
(193, 'Trong PHP, hàm nào dùng để loại bỏ phần tử cuối cùng của mảng và trả về giá trị của phần tử đó?', 1, 841464, 29, '3121410422', 1),
(194, 'Trong PHP, hàm nào dùng để kiểm tra xem một phần tử có tồn tại trong mảng hay không?', 2, 841464, 29, '3121410422', 1),
(195, 'Trong PHP, hàm nào dùng để tìm vị trí đầu tiên của một phần tử trong mảng?', 3, 841464, 29, '3121410422', 1),
(196, 'Trong PHP, hàm nào dùng để sắp xếp các phần tử của mảng theo thứ tự tăng dần?', 1, 841464, 29, '3121410422', 1),
(197, 'Trong PHP, hàm nào dùng để sắp xếp các phần tử của mảng kết hợp (associative array) theo giá trị?', 2, 841464, 29, '3121410422', 1),
(198, 'Trong PHP, hàm nào dùng để sắp xếp các phần tử của mảng kết hợp (associative array) theo key?', 3, 841464, 29, '3121410422', 1),
(199, 'Trong PHP, hàm nào dùng để hợp nhất hai mảng lại với nhau?', 1, 841464, 29, '3121410422', 1),
(200, 'Trong PHP, hàm nào dùng để tạo một mảng mới từ hai mảng đã cho, trong đó một mảng là key và một mảng là value?', 2, 841464, 29, '3121410422', 1),
(201, 'Trong PHP, hàm nào dùng để lọc các phần tử của mảng dựa trên một hàm kiểm tra điều kiện nào đó?', 3, 841464, 29, '3121410422', 1),
(202, 'Trong PHP, hàm nào dùng để áp dụng một hàm nào đó lên từng phần tử của mảng và trả về một mảng mới?', 1, 841464, 29, '3121410422', 1),
(203, 'Trong PHP, hàm nào dùng để kiểm tra xem một mảng có phải là mảng kết hợp (associative array) hay không?', 2, 841464, 29, '3121410422', 1),
(204, 'Trong PHP, hàm nào dùng để kiểm tra xem một mảng có phải là mảng đa chiều (multidimensional array) hay không?', 3, 841464, 29, '3121410422', 1),
(205, 'Trong PHP, hàm nào dùng để tách một mảng thành các mảng con dựa trên số lượng phần tử đã cho?', 1, 841464, 29, '3121410422', 1),
(206, 'Trong PHP, hàm nào dùng để trích xuất một phần của mảng dựa trên vị trí bắt đầu và số lượng phần tử?', 2, 841464, 29, '3121410422', 1),
(207, 'Trong PHP, hàm nào dùng để trả về mảng kết quả từ việc lặp qua mảng đầu vào và tích lũy giá trị của từng phần tử dựa trên một hàm tính toán nào đó?', 3, 841464, 29, '3121410422', 1),
(208, 'Trong PHP, hàm nào dùng để loại bỏ các phần tử trùng lặp trong một mảng?', 1, 841464, 29, '3121410422', 1),
(209, 'Trong PHP, hàm nào dùng để tính toán giao (intersection) của hai mảng, trả về một mảng chứa các phần tử xuất hiện trong cả hai mảng đầu vào?', 2, 841464, 29, '3121410422', 1),
(210, 'Trong PHP, hàm nào dùng để tính toán hợp (union) của hai mảng, trả về một mảng chứa tất cả các phần tử của hai mảng đầu vào?', 3, 841464, 29, '3121410422', 1),
(211, 'Trong PHP, hàm nào dùng để đảo ngược thứ tự các phần tử của một mảng?', 1, 841464, 29, '3121410422', 1),
(212, 'Trong PHP, hàm nào dùng để đổi chỗ key và value của một mảng kết hợp (associative array)?', 2, 841464, 29, '3121410422', 1),
(213, 'Trong PHP, hàm nào dùng để trích xuất một danh sách các key từ một mảng kết hợp (associative array)?', 3, 841464, 29, '3121410422', 1),
(214, 'Trong PHP, hàm nào dùng để trích xuất một danh sách các value từ một mảng kết hợp (associative array)?', 1, 841464, 29, '3121410422', 1),
(215, 'Trong PHP, hàm nào dùng để tìm giá trị lớn nhất trong một mảng?', 2, 841464, 29, '3121410422', 1),
(216, 'Trong PHP, hàm nào dùng để tìm giá trị nhỏ nhất trong một mảng?', 3, 841464, 29, '3121410422', 1),
(217, 'Trong PHP, hàm nào dùng để đếm số lượng phần tử của một mảng?', 1, 841464, 29, '3121410422', 1),
(218, 'Trong PHP, hàm nào dùng để tìm phần tử xuất hiện nhiều lần nhất trong một mảng?', 2, 841464, 29, '3121410422', 1),
(219, 'Trong PHP, hàm nào dùng để lấy ra một số lượng ngẫu nhiên các phần tử từ một mảng?', 3, 841464, 29, '3121410422', 1),
(220, 'Trong PHP, hàm nào dùng để xáo trộn thứ tự các phần tử trong một mảng?', 1, 841464, 29, '3121410422', 1),
(221, 'Hàm trong PHP là gì?', 1, 841464, 30, '3121410422', 1),
(222, 'Cách khai báo hàm trong PHP là gì?', 1, 841464, 30, '3121410422', 1),
(223, 'Hàm trong PHP có thể nhận bao nhiêu đối số?', 1, 841464, 30, '3121410422', 1),
(224, 'Trong PHP, cách trả về giá trị từ một hàm là gì?', 1, 841464, 30, '3121410422', 1),
(225, 'Trong PHP, cách gọi một hàm là gì?', 1, 841464, 30, '3121410422', 1),
(226, 'Trong PHP, cách kiểm tra xem một hàm có tồn tại hay không là gì?', 1, 841464, 30, '3121410422', 1),
(227, 'Trong PHP, cách kiểm tra xem một hàm có được định nghĩa hay không là gì?', 1, 841464, 30, '3121410422', 1),
(228, 'Trong PHP, cách định nghĩa các tham số mặc định cho một hàm là gì?', 1, 841464, 30, '3121410422', 1),
(229, 'Trong PHP, cách sử dụng hàm có tham số biến là gì?', 1, 841464, 30, '3121410422', 1),
(230, 'Trong PHP, hàm nào được sử dụng để lấy chiều dài của một chuỗi?', 1, 841464, 31, '3121410422', 1),
(231, 'Trong PHP, hàm nào được sử dụng để chuyển đổi một chuỗi thành chữ hoa?', 1, 841464, 31, '3121410422', 1),
(232, 'Trong PHP, hàm nào được sử dụng để chuyển đổi một chuỗi thành chữ thường?', 1, 841464, 31, '3121410422', 1),
(233, 'Trong PHP, hàm nào được sử dụng để cắt một chuỗi thành một mảng con dựa trên một ký tự phân tách?', 1, 841464, 31, '3121410422', 1),
(234, 'Trong PHP, hàm nào được sử dụng để nối các chuỗi lại với nhau?', 2, 841464, 31, '3121410422', 1),
(235, 'Trong PHP, hàm nào được sử dụng để lấy một chuỗi con từ một chuỗi ban đầu?', 2, 841464, 31, '3121410422', 1),
(236, 'Trong PHP, hàm nào được sử dụng để loại bỏ khoảng trắng và ký tự xuống dòng ở đầu và cuối chuỗi?', 2, 841464, 31, '3121410422', 1),
(237, 'Trong PHP, hàm nào được sử dụng để tìm kiếm một chuỗi con trong chuỗi ban đầu và trả về vị trí đầu tiên của chuỗi con đó?', 2, 841464, 31, '3121410422', 1),
(238, 'Trong PHP, hàm nào được sử dụng để thay thế tất cả các xuất hiện của một chuỗi con trong chuỗi ban đầu bằng một chuỗi khác?', 2, 841464, 31, '3121410422', 1),
(239, 'Trong PHP, hàm nào được sử dụng để chuyển đổi một chuỗi thành chuỗi URL hợp lệ?', 3, 841464, 31, '3121410422', 1),
(240, 'Trong PHP, hàm nào được sử dụng để chuyển đổi một chuỗi URL hợp lệ thành chuỗi thường?', 3, 841464, 31, '3121410422', 1),
(241, 'Trong PHP, hàm nào được sử dụng để mã hóa một chuỗi bằng thuật toán MD5?', 3, 841464, 31, '3121410422', 1),
(242, 'Trong PHP, hàm nào được sử dụng để mã hóa một chuỗi bằng thuật toán SHA1?', 3, 841464, 31, '3121410422', 1),
(243, 'Trong PHP, hàm nào được sử dụng để mã hóa một chuỗi bằng thuật toán SHA256?', 3, 841464, 31, '3121410422', 1),
(244, 'Trong PHP, hàm nào được sử dụng để mã hóa một chuỗi bằng thuật toán bcrypt?', 3, 841464, 31, '3121410422', 1),
(245, 'Trong PHP, hàm nào được sử dụng để kiểm tra xem một chuỗi có bắt đầu bằng một chuỗi khác hay không?', 3, 841464, 31, '3121410422', 1),
(246, 'Trong PHP, hàm nào được sử dụng để kiểm tra xem một chuỗi có kết thúc bằng một chuỗi khác hay không?', 3, 841464, 31, '3121410422', 1),
(247, 'Trong PHP, hàm nào được sử dụng để tạo ra một chuỗi ngẫu nhiên với độ dài cho trước?', 3, 841464, 31, '3121410422', 1),
(248, 'Trong PHP, hàm nào được sử dụng để chuyển đổi một chuỗi thành một số nguyên?', 3, 841464, 31, '3121410422', 1),
(249, 'Trong PHP, hàm nào được sử dụng để chuyển đổi một số nguyên thành một chuỗi?', 3, 841464, 31, '3121410422', 1),
(250, 'Trong PHP, hàm nào được sử dụng để thực hiện việc định dạng một chuỗi theo một kiểu được xác định trước?', 2, 841464, 31, '3121410422', 1),
(251, 'Trong PHP, hàm nào được sử dụng để kiểm tra xem một chuỗi có tồn tại trong một chuỗi khác hay không?', 2, 841464, 31, '3121410422', 1),
(252, 'Trong PHP, hàm nào được sử dụng để thay thế một chuỗi con chỉ ở vị trí đầu tiên của chuỗi ban đầu bằng một chuỗi khác?', 2, 841464, 31, '3121410422', 1),
(253, 'Trong PHP, hàm nào được sử dụng để đảo ngược thứ tự các ký tự trong một chuỗi?', 2, 841464, 31, '3121410422', 1),
(254, 'Trong PHP, hàm nào được sử dụng để lấy một chuỗi mới chỉ chứa các ký tự số từ chuỗi ban đầu?', 2, 841464, 31, '3121410422', 1),
(255, 'Trong PHP, hàm nào được sử dụng để lấy một chuỗi mới chỉ chứa các ký tự chữ cái từ chuỗi ban đầu?', 2, 841464, 31, '3121410422', 1),
(256, 'Trong PHP, hàm nào được sử dụng để lấy một chuỗi mới chỉ chứa các ký tự chữ cái và số từ chuỗi ban đầu?', 2, 841464, 31, '3121410422', 1),
(257, 'Trong PHP, hàm nào được sử dụng để loại bỏ tất cả các ký tự không phải chữ cái và số khỏi chuỗi ban đầu?', 2, 841464, 31, '3121410422', 1),
(258, 'Trong PHP, hàm nào được sử dụng để thực hiện việc đếm số từ trong một chuỗi?', 2, 841464, 31, '3121410422', 1),
(259, 'Trong PHP, hàm nào được sử dụng để chuyển đổi một chuỗi thành dạng tiền tệ?', 3, 841464, 31, '3121410422', 1),
(260, 'Trong PHP, hàm nào được sử dụng để đảo ngược thứ tự các từ trong một chuỗi?', 3, 841464, 31, '3121410422', 1),
(261, 'Trong PHP, hàm nào được sử dụng để thực hiện việc mã hóa URL?', 3, 841464, 31, '3121410422', 1),
(262, 'Trong PHP, hàm nào được sử dụng để thực hiện việc giải mã URL?', 3, 841464, 31, '3121410422', 1),
(263, 'Trong PHP, hàm nào được sử dụng để tạo ra một chuỗi được mã hóa Base64 từ chuỗi ban đầu?', 3, 841464, 31, '3121410422', 1),
(264, 'Trong PHP, hàm nào được sử dụng để giải mã một chuỗi được mã hóa Base64?', 3, 841464, 31, '3121410422', 1),
(265, 'Trong PHP, hàm nào được sử dụng để thực hiện việc mã hóa một chuỗi thành chuỗi HTML entities?', 3, 841464, 31, '3121410422', 1),
(266, 'Trong PHP, hàm nào được sử dụng để thực hiện việc giải mã chuỗi HTML entities thành chuỗi ban đầu?', 3, 841464, 31, '3121410422', 1),
(267, 'Trong PHP, hàm nào được sử dụng để loại bỏ tất cả các thẻ HTML khỏi chuỗi ban đầu?', 3, 841464, 31, '3121410422', 1),
(268, 'Trong PHP, hàm nào được sử dụng để thực hiện việc mã hóa một chuỗi thành chuỗi URL an toàn cho việc sử dụng?', 3, 841464, 31, '3121410422', 1),
(269, 'Trong PHP, hàm nào được sử dụng để giải mã một chuỗi URL an toàn thành chuỗi ban đầu?', 3, 841464, 31, '3121410422', 1),
(270, 'Trong PHP, hàm nào được sử dụng để cắt chuỗi thành một mảng các phần tử dựa trên một ký tự phân cách?', 2, 841464, 31, '3121410422', 1),
(271, 'Trong PHP, hàm nào được sử dụng để nối các phần tử của một mảng thành một chuỗi, với một ký tự phân cách giữa các phần tử?', 2, 841464, 31, '3121410422', 1),
(272, 'Trong PHP, hàm nào được sử dụng để thay thế tất cả các ký tự xuống dòng trong chuỗi bằng một ký tự khác?', 2, 841464, 31, '3121410422', 1),
(273, 'Trong PHP, hàm nào được sử dụng để thay thế tất cả các khoảng trắng trong chuỗi bằng một ký tự khác?', 2, 841464, 31, '3121410422', 1),
(274, 'Trong PHP, hàm nào được sử dụng để tìm kiếm một chuỗi con trong một chuỗi và trả về vị trí đầu tiên của chuỗi con đó trong chuỗi ban đầu?', 2, 841464, 31, '3121410422', 1),
(275, 'Trong PHP, hàm nào được sử dụng để tìm kiếm một chuỗi con trong một chuỗi và trả về vị trí cuối cùng của chuỗi con đó trong chuỗi ban đầu?', 2, 841464, 31, '3121410422', 1),
(276, 'Trong PHP, hàm nào được sử dụng để lấy một chuỗi con từ vị trí đầu tiên đến vị trí cuối cùng của chuỗi ban đầu?', 2, 841464, 31, '3121410422', 1),
(277, 'Trong PHP, hàm nào được sử dụng để lấy một chuỗi con từ vị trí đầu tiên và có độ dài chỉ định của chuỗi ban đầu?', 2, 841464, 31, '3121410422', 1),
(278, 'Trong PHP, hàm nào được sử dụng để thực hiện việc kiểm tra một chuỗi có trống hay không?', 2, 841464, 31, '3121410422', 1),
(279, 'Trong PHP, hàm nào được sử dụng để thực hiện việc kiểm tra một chuỗi có chỉ chứa khoảng trắng hay không?', 2, 841464, 31, '3121410422', 1),
(280, 'Trong PHP, hàm nào được sử dụng để loại bỏ các khoảng trắng ở đầu và cuối của một chuỗi?', 2, 841464, 31, '3121410422', 1),
(281, 'Trong PHP, hàm nào được sử dụng để loại bỏ các khoảng trắng ở đầu của một chuỗi?', 2, 841464, 31, '3121410422', 1),
(282, 'Trong PHP, hàm nào được sử dụng để loại bỏ các khoảng trắng ở cuối của một chuỗi?', 2, 841464, 31, '3121410422', 1),
(283, 'Trong PHP, hàm nào được sử dụng để thực hiện việc chuyển đổi một chuỗi thành chữ thường?', 2, 841464, 31, '3121410422', 1),
(284, 'Trong PHP, hàm nào được sử dụng để thực hiện việc chuyển đổi một chuỗi thành chữ hoa?', 2, 841464, 31, '3121410422', 1),
(285, 'Trong PHP, hàm nào được sử dụng để thay thế tất cả các khoảng trắng trong chuỗi bằng dấu gạch ngang (-)?', 2, 841464, 31, '3121410422', 1),
(286, 'Trong PHP, hàm nào được sử dụng để thực hiện việc cắt chuỗi thành một chuỗi con với độ dài chỉ định?', 2, 841464, 31, '3121410422', 1),
(287, 'Trong PHP, hàm nào được sử dụng để thực hiện việc tạo ra một chuỗi ngẫu nhiên có độ dài chỉ định?', 2, 841464, 31, '3121410422', 1),
(288, 'Trong PHP, hàm nào được sử dụng để thực hiện việc tính toán độ dài của một chuỗi?', 2, 841464, 31, '3121410422', 1),
(289, 'Trong PHP, hàm nào được sử dụng để kiểm tra xem một chuỗi có chứa một từ hay không?', 1, 841464, 31, '3121410422', 1),
(290, 'Trong PHP, hàm nào được sử dụng để tìm kiếm một chuỗi con trong một chuỗi và trả về một chuỗi con bắt đầu từ vị trí đầu tiên của chuỗi con đó trong chuỗi ban đầu?', 1, 841464, 31, '3121410422', 1),
(291, 'Trong PHP, hàm nào được sử dụng để thực hiện việc kiểm tra xem một chuỗi có bắt đầu bằng một chuỗi con cụ thể hay không?', 1, 841464, 31, '3121410422', 1),
(292, 'Trong PHP, hàm nào được sử dụng để thực hiện việc kiểm tra xem một chuỗi có kết thúc bằng một chuỗi con cụ thể hay không?', 1, 841464, 31, '3121410422', 1),
(293, 'Trong PHP, hàm nào được sử dụng để tìm kiếm một chuỗi con trong một chuỗi và thay thế tất cả các chuỗi con đó bằng một chuỗi mới?', 1, 841464, 31, '3121410422', 1),
(294, 'Trong PHP, hàm nào được sử dụng để chuyển đổi một chuỗi thành một mảng các ký tự?', 1, 841464, 31, '3121410422', 1),
(295, 'Trong PHP, hàm nào được sử dụng để thực hiện việc lặp lại một chuỗi một số lần cho trước?', 1, 841464, 31, '3121410422', 1),
(296, 'Trong PHP, hàm nào được sử dụng để tìm kiếm một chuỗi con trong một chuỗi và trả về một chuỗi con bắt đầu từ vị trí cuối cùng của chuỗi con đó trong chuỗi ban đầu?', 1, 841464, 31, '3121410422', 1),
(297, 'Trong PHP, hàm nào được sử dụng để chuyển đổi một chuỗi số thành một chuỗi tiền tố với các chữ số được phân cách bằng dấu chấm phẩy?', 1, 841464, 31, '3121410422', 1),
(298, 'Trong PHP, hàm nào được sử dụng để chuyển đổi các ký tự đặc biệt trong chuỗi thành các ký tự có thể hiển thị trên trình duyệt web?', 1, 841464, 31, '3121410422', 1),
(299, 'Trong PHP, hàm nào được sử dụng để loại bỏ các ký tự đặc biệt trong chuỗi?', 1, 841464, 31, '3121410422', 1),
(300, 'Trong PHP, hàm nào được sử dụng để thực hiện việc chuyển đổi một chuỗi ký tự thành chuỗi URL an toàn?', 1, 841464, 31, '3121410422', 1),
(301, 'Trong PHP, hàm nào được sử dụng để thực hiện việc giải mã một chuỗi URL đã được mã hóa trước đó?', 1, 841464, 31, '3121410422', 1),
(302, 'Trong PHP, hàm nào được sử dụng để thực hiện việc chuyển đổi một chuỗi ký tự thành chuỗi hexa?', 1, 841464, 31, '3121410422', 1),
(303, 'Trong PHP, hàm nào được sử dụng để giải mã một chuỗi hexa thành chuỗi ký tự?', 1, 841464, 31, '3121410422', 1),
(304, 'Trong PHP, hàm nào được sử dụng để thực hiện việc tạo ra một chuỗi ngẫu nhiên có độ dài chỉ định và chỉ chứa các ký tự in hoa?', 1, 841464, 31, '3121410422', 1),
(305, 'Trong PHP, hàm nào được sử dụng để thực hiện việc tạo ra một chuỗi ngẫu nhiên có độ dài chỉ định và chỉ chứa các ký tự in thường?', 1, 841464, 31, '3121410422', 1),
(306, 'Trong PHP, hàm nào được sử dụng để thực hiện việc tạo ra một chuỗi ngẫu nhiên có độ dài chỉ định và chỉ chứa các ký tự số?', 1, 841464, 31, '3121410422', 1),
(307, 'Trong PHP, hàm nào được sử dụng để tìm kiếm và thay thế tất cả các từ được chỉ định trong một chuỗi?', 1, 841464, 31, '3121410422', 1),
(308, 'Trong PHP, hàm nào được sử dụng để kiểm tra xem một chuỗi có bắt đầu bằng một chuỗi con cụ thể hay không?', 1, 841464, 31, '3121410422', 1),
(309, 'Trong PHP, hàm nào được sử dụng để kiểm tra xem một chuỗi có kết thúc bằng một chuỗi con cụ thể hay không?', 1, 841464, 31, '3121410422', 1),
(310, 'Trong PHP, hàm nào được sử dụng để thực hiện việc chuyển đổi một chuỗi thành một chuỗi được mã hóa base64?', 1, 841464, 31, '3121410422', 1),
(311, 'Trong PHP, hàm nào được sử dụng để giải mã một chuỗi đã được mã hóa base64 trước đó?', 1, 841464, 31, '3121410422', 1),
(312, 'Trong PHP, hàm nào được sử dụng để chuyển đổi một chuỗi ký tự thành chuỗi UTF-8?', 1, 841464, 31, '3121410422', 1),
(313, 'Trong PHP, hàm nào được sử dụng để chuyển đổi một chuỗi UTF-8 thành chuỗi ký tự chuẩn?', 1, 841464, 31, '3121410422', 1),
(314, 'Trong PHP, hàm nào được sử dụng để thực hiện việc chuyển đổi một chuỗi thành chuỗi ASCII?', 1, 841464, 31, '3121410422', 1),
(315, 'Trong PHP, hàm nào được sử dụng để kiểm tra xem một chuỗi có chỉ chứa các ký tự số hay không?', 1, 841464, 31, '3121410422', 1),
(316, 'Trong PHP, hàm nào được sử dụng để kiểm tra xem một chuỗi có chỉ chứa các ký tự chữ cái hay không?', 1, 841464, 31, '3121410422', 1),
(317, 'Trong PHP, hàm nào được sử dụng để kiểm tra xem một chuỗi có chỉ chứa các ký tự chữ cái và số hay không?', 1, 841464, 31, '3121410422', 1),
(318, 'Trong PHP, hàm nào được sử dụng để kiểm tra xem một chuỗi có chỉ chứa các ký tự chữ thường hay không?', 1, 841464, 31, '3121410422', 1),
(319, 'Trong PHP, hàm nào được sử dụng để kiểm tra xem một chuỗi có chỉ chứa các ký tự chữ hoa hay không?', 1, 841464, 31, '3121410422', 1),
(320, 'Trong PHP, hàm nào được sử dụng để kiểm tra xem một chuỗi có chỉ chứa các ký tự in hoa và chữ số hay không?', 1, 841464, 31, '3121410422', 1),
(321, 'Trong PHP, hàm nào được sử dụng để thực hiện việc đảo ngược một chuỗi ký tự?', 1, 841464, 31, '3121410422', 1),
(322, 'Trong PHP, hàm nào được sử dụng để lấy một phần của chuỗi bắt đầu từ một vị trí cụ thể và có độ dài chỉ định?', 1, 841464, 31, '3121410422', 1),
(323, 'Trong PHP, hàm nào được sử dụng để lấy một phần của chuỗi bắt đầu từ vị trí cuối cùng của chuỗi và có độ dài chỉ định?', 1, 841464, 31, '3121410422', 1),
(324, 'Trong PHP, hàm nào được sử dụng để lấy một phần của chuỗi bắt đầu từ vị trí cụ thể và cho đến vị trí cuối cùng của chuỗi?', 1, 841464, 31, '3121410422', 1),
(325, 'Trong PHP, hàm nào được sử dụng để loại bỏ các khoảng trắng và ký tự xuống dòng từ đầu và cuối chuỗi?', 1, 841464, 31, '3121410422', 1),
(326, 'Trong PHP, hàm nào được sử dụng để loại bỏ các khoảng trắng và ký tự xuống dòng từ đầu chuỗi?', 1, 841464, 31, '3121410422', 1),
(327, 'Trong PHP, hàm nào được sử dụng để hiển thị ngày và giờ hiện tại?', 1, 841464, 32, '3121410422', 1),
(328, 'Trong PHP, hàm nào được sử dụng để lấy giá trị timestamp hiện tại?', 1, 841464, 32, '3121410422', 1),
(329, 'Trong PHP, hàm nào được sử dụng để chuyển đổi giá trị timestamp thành ngày và giờ trong định dạng chuẩn?', 1, 841464, 32, '3121410422', 1),
(330, 'Trong PHP, hàm nào được sử dụng để tính toán số giây giữa hai ngày khác nhau?', 1, 841464, 32, '3121410422', 1),
(331, 'Trong PHP, hàm nào được sử dụng để tính toán số ngày giữa hai ngày khác nhau?', 1, 841464, 32, '3121410422', 1),
(332, 'Trong PHP, hàm nào được sử dụng để thêm một khoảng thời gian được chỉ định vào ngày được chỉ định?', 1, 841464, 32, '3121410422', 1),
(333, 'Trong PHP, hàm nào được sử dụng để trừ đi một khoảng thời gian được chỉ định từ ngày được chỉ định?', 1, 841464, 32, '3121410422', 1),
(334, 'Trong PHP, hàm nào được sử dụng để chuyển đổi một chuỗi ngày thành giá trị timestamp?', 1, 841464, 32, '3121410422', 1),
(335, 'Trong PHP, hàm nào được sử dụng để hiển thị ngày và giờ theo múi giờ được chỉ định?', 1, 841464, 32, '3121410422', 1),
(336, 'Trong PHP, hàm nào được sử dụng để chuyển đổi một chuỗi ngày thành định dạng khác?', 1, 841464, 32, '3121410422', 1),
(337, 'Trong PHP, hàm nào được sử dụng để lấy tên của tháng dưới dạng chuỗi?', 1, 841464, 32, '3121410422', 1),
(338, 'Trong PHP, hàm nào được sử dụng để lấy tên của ngày trong tuần dưới dạng chuỗi?', 1, 841464, 32, '3121410422', 1),
(339, 'Trong PHP, hàm nào được sử dụng để lấy số thứ tự của ngày trong tuần?', 1, 841464, 32, '3121410422', 1),
(340, 'Trong PHP, hàm nào được sử dụng để kiểm tra xem một ngày có hợp lệ hay không?', 1, 841464, 32, '3121410422', 1),
(341, 'Trong PHP, hàm nào được sử dụng để tạo ra một đối tượng DateTime từ một chuỗi ngày?', 1, 841464, 32, '3121410422', 1),
(342, 'Trong PHP, hàm nào được sử dụng để tạo ra một đối tượng DateTime từ một giá trị timestamp?', 1, 841464, 32, '3121410422', 1),
(343, 'Trong PHP, hàm nào được sử dụng để thêm một khoảng thời gian được chỉ định vào một đối tượng DateTime?', 1, 841464, 32, '3121410422', 1),
(344, 'Trong PHP, hàm nào được sử dụng để trừ đi một khoảng thời gian được chỉ định từ một đối tượng DateTime?', 1, 841464, 32, '3121410422', 1),
(345, 'Trong PHP, hàm nào được sử dụng để lấy giá trị của một thuộc tính của đối tượng DateTime?', 1, 841464, 32, '3121410422', 1),
(346, 'Trong PHP, hàm nào được sử dụng để so sánh hai đối tượng DateTime?', 1, 841464, 32, '3121410422', 1),
(347, 'Trong PHP, hàm nào được sử dụng để chuyển đổi một đối tượng DateTime thành một chuỗi ngày và giờ trong định dạng chuẩn?', 1, 841464, 32, '3121410422', 1),
(348, 'Trong PHP, hàm nào được sử dụng để chuyển đổi một đối tượng DateTime thành một chuỗi ngày và giờ trong định dạng khác?', 1, 841464, 32, '3121410422', 1),
(349, 'Trong PHP, hàm nào được sử dụng để tạo ra một đối tượng DateTimeZone?', 1, 841464, 32, '3121410422', 1),
(350, 'Trong PHP, hàm nào được sử dụng để thiết lập múi giờ của một đối tượng DateTime?', 1, 841464, 32, '3121410422', 1),
(351, 'Trong PHP, hàm nào được sử dụng để lấy danh sách các múi giờ được hỗ trợ?', 1, 841464, 32, '3121410422', 1),
(352, 'Trong PHP, hàm nào được sử dụng để chuyển đổi một đối tượng DateTime từ múi giờ hiện tại sang một múi giờ khác?', 1, 841464, 32, '3121410422', 1),
(353, 'Trong PHP, hàm nào được sử dụng để tạo ra một đối tượng DateInterval từ một chuỗi khoảng thời gian?', 1, 841464, 32, '3121410422', 1),
(354, 'Trong PHP, hàm nào được sử dụng để tính toán khoảng cách giữa hai thời điểm trong đơn vị được chỉ định?', 1, 841464, 32, '3121410422', 1),
(355, 'Trong PHP, hàm nào được sử dụng để tính toán khoảng cách giữa hai thời điểm trong đơn vị giây?', 1, 841464, 32, '3121410422', 1),
(356, 'Trong PHP, hàm nào được sử dụng để tính toán khoảng cách giữa hai thời điểm trong đơn vị phút?', 1, 841464, 32, '3121410422', 1),
(357, 'Trong PHP, hàm nào được sử dụng để tính toán khoảng cách giữa hai thời điểm trong đơn vị giờ?', 1, 841464, 32, '3121410422', 1),
(358, 'Trong PHP, hàm nào được sử dụng để tính toán khoảng cách giữa hai thời điểm trong đơn vị ngày?', 1, 841464, 32, '3121410422', 1),
(359, 'Trong PHP, hàm nào được sử dụng để tính toán khoảng cách giữa hai thời điểm trong đơn vị năm?', 1, 841464, 32, '3121410422', 1),
(360, 'Trong PHP, hàm nào được sử dụng để tạo ra một đối tượng DateTime bằng cách kết hợp một ngày và một giờ cụ thể?', 1, 841464, 32, '3121410422', 1),
(361, 'Trong PHP, hàm nào được sử dụng để tạo ra một đối tượng DateTime từ timestamp?', 1, 841464, 32, '3121410422', 1),
(362, 'Trong PHP, hàm nào được sử dụng để kiểm tra xem một ngày có phải là ngày cuối cùng của tháng hay không?', 1, 841464, 32, '3121410422', 1),
(363, 'Trong PHP, hàm nào được sử dụng để lấy số tuần của một ngày trong năm?', 1, 841464, 32, '3121410422', 1),
(364, 'Trong PHP, hàm nào được sử dụng để lấy số tuần của một ngày trong tháng?', 1, 841464, 32, '3121410422', 1),
(365, 'Trong PHP, hàm nào được sử dụng để lấy số tuần của một ngày trong tuần?', 1, 841464, 32, '3121410422', 1),
(366, 'Trong PHP, hàm nào được sử dụng để tạo ra một chuỗi ngày tháng trong định dạng chuẩn từ một đối tượng DateTime?', 1, 841464, 32, '3121410422', 1),
(367, 'Trong PHP, hàm nào được sử dụng để tạo ra một chuỗi ngày tháng trong định dạng khác từ một đối tượng DateTime?', 1, 841464, 32, '3121410422', 1),
(368, 'Trong PHP, hàm nào được sử dụng để lấy tên của tháng trong chuỗi?', 1, 841464, 32, '3121410422', 1),
(369, 'Trong PHP, hàm nào được sử dụng để lấy số thứ tự của tháng trong năm?', 1, 841464, 32, '3121410422', 1),
(370, 'Trong PHP, hàm nào được sử dụng để lấy tên của ngày trong chuỗi?', 1, 841464, 32, '3121410422', 1),
(371, 'Trong PHP, hàm nào được sử dụng để lấy số thứ tự của ngày trong tuần?', 1, 841464, 32, '3121410422', 1),
(372, 'Trong PHP, hàm nào được sử dụng để tạo ra một đối tượng DatePeriod, đại diện cho một khoảng thời gian được xác định bởi hai thời điểm và một đơn vị thời gian?', 1, 841464, 32, '3121410422', 1),
(373, 'Trong PHP, hàm nào được sử dụng để lấy danh sách các ngày trong một khoảng thời gian được xác định bởi hai thời điểm và một đơn vị thời gian?', 1, 841464, 32, '3121410422', 1),
(374, 'Trong PHP, hàm nào được sử dụng để tạo ra một chuỗi ngày tháng ngẫu nhiên trong một khoảng thời gian được xác định?', 1, 841464, 32, '3121410422', 1),
(375, 'Trong PHP, hàm nào được sử dụng để kiểm tra xem một chuỗi có phải là định dạng ngày tháng hợp lệ hay không?', 1, 841464, 32, '3121410422', 1),
(376, 'Trong PHP, hàm nào được sử dụng để chuyển đổi một chuỗi ngày tháng từ một định dạng sang định dạng khác?', 1, 841464, 32, '3121410422', 1),
(377, 'Trong PHP, hàm nào được sử dụng để kiểm tra xem một ngày có nằm trong tuần lễ hay không?', 1, 841464, 32, '3121410422', 1),
(378, 'Trong PHP, hàm nào được sử dụng để lấy số giờ giữa hai thời điểm?', 1, 841464, 32, '3121410422', 1),
(379, 'Trong PHP, hàm nào được sử dụng để lấy số phút giữa hai thời điểm?', 1, 841464, 32, '3121410422', 1),
(380, 'Trong PHP, hàm nào được sử dụng để lấy số giây giữa hai thời điểm?', 1, 841464, 32, '3121410422', 1),
(381, 'Trong PHP, hàm nào được sử dụng để lấy số ngày giữa hai thời điểm?', 1, 841464, 32, '3121410422', 1),
(382, 'Trong PHP, hàm nào được sử dụng để lấy số tuần giữa hai thời điểm?', 1, 841464, 32, '3121410422', 1),
(383, 'Trong PHP, hàm nào được sử dụng để lấy số tháng giữa hai thời điểm?', 1, 841464, 32, '3121410422', 1),
(384, 'Trong PHP, hàm nào được sử dụng để lấy số năm giữa hai thời điểm?', 1, 841464, 32, '3121410422', 1),
(385, 'Trong PHP, hàm nào được sử dụng để tính toán thời gian hết hạn của một phiên làm việc dựa trên thời gian hiện tại và thời gian sống của phiên làm việc?', 1, 841464, 32, '3121410422', 1),
(386, 'Trong PHP, hàm nào được sử dụng để chuyển đổi một chuỗi thời gian từ múi giờ hiện tại sang múi giờ khác?', 1, 841464, 32, '3121410422', 1),
(387, 'Trong PHP, hàm nào được sử dụng để lấy tên của múi giờ hiện tại?', 1, 841464, 32, '3121410422', 1),
(388, 'Trong PHP, hàm nào được sử dụng để kiểm tra xem một file có phải là một thư mục ẩn hay không?', 1, 841464, 33, '3121410422', 1),
(389, 'Trong PHP, hàm nào được sử dụng để lấy tên file của một đường dẫn?', 2, 841464, 33, '3121410422', 1),
(390, 'Trong PHP, hàm nào được sử dụng để sao chép một file từ một vị trí đến vị trí khác?', 3, 841464, 33, '3121410422', 1),
(391, 'Trong PHP, hàm nào được sử dụng để đổi tên một file hoặc thư mục?', 2, 841464, 33, '3121410422', 1),
(392, 'Trong PHP, hàm nào được sử dụng để kiểm tra xem một file có phải là một symbolic link hay không?', 1, 841464, 33, '3121410422', 1),
(393, 'Trong PHP, hàm nào được sử dụng để lấy định dạng phần mở rộng của một file?', 2, 841464, 33, '3121410422', 1),
(394, 'Trong PHP, hàm nào được sử dụng để kiểm tra xem một file có phải là một FIFO pipe hay không?', 3, 841464, 33, '3121410422', 1),
(395, 'Trong PHP, hàm nào được sử dụng để kiểm tra xem một file có phải là một character device hay không?', 1, 841464, 33, '3121410422', 1),
(396, 'Trong PHP, hàm nào được sử dụng để lấy đường dẫn thư mục cha của một đường dẫn?', 2, 841464, 33, '3121410422', 1),
(397, 'Trong PHP, hàm nào được sử dụng để xóa một thư mục?', 2, 841464, 33, '3121410422', 1),
(398, 'Trong PHP, hàm nào được sử dụng để kiểm tra xem một file có phải là một socket hay không?', 1, 841464, 33, '3121410422', 1),
(399, 'Trong PHP, hàm nào được sử dụng để lấy định dạng thời gian của một file?', 2, 841464, 33, '3121410422', 1),
(400, 'Trong PHP, hàm nào được sử dụng để kiểm tra xem một file có phải là một file ASCII hay không?', 3, 841464, 33, '3121410422', 1),
(401, 'Trong PHP, hàm nào được sử dụng để lấy thông tin về một file như kích thước, thời gian sửa đổi và đường dẫn?', 1, 841464, 33, '3121410422', 1),
(402, 'Trong PHP, hàm nào được sử dụng để kiểm tra xem một file có phải là một file reguler hay không?', 2, 841464, 33, '3121410422', 1),
(403, 'Trong PHP, hàm nào được sử dụng để đọc nội dung của một file và trả về dưới dạng một mảng các dòng?', 3, 841464, 33, '3121410422', 1),
(404, 'Trong PHP, hàm nào được sử dụng để đọc nội dung của một file và trả về dưới dạng một chuỗi?', 1, 841464, 33, '3121410422', 1),
(405, 'Trong PHP, hàm nào được sử dụng để ghi nội dung vào một file?', 2, 841464, 33, '3121410422', 1),
(406, 'Trong PHP, hàm nào được sử dụng để đổi quyền truy cập của một file?', 3, 841464, 33, '3121410422', 1),
(407, 'Trong PHP, hàm nào được sử dụng để đổi chủ sở hữu của một file?', 1, 841464, 33, '3121410422', 1),
(408, 'Trong PHP, hàm nào được sử dụng để đổi nhóm sở hữu của một file?', 2, 841464, 33, '3121410422', 1),
(409, 'Trong PHP, hàm nào được sử dụng để kiểm tra xem một file có phải là một file ảnh WebP hay không?', 3, 841464, 33, '3121410422', 1),
(410, 'Trong PHP, hàm nào được sử dụng để lấy kích thước tập tin được chỉ định theo đơn vị định dạng con người?', 1, 841464, 33, '3121410422', 1),
(411, 'Trong PHP, hàm nào được sử dụng để lấy kích thước của một thư mục?', 2, 841464, 33, '3121410422', 1),
(412, 'Trong PHP, hàm nào được sử dụng để lấy danh sách tất cả các tập tin trong một thư mục và trả về dưới dạng một mảng?', 3, 841464, 33, '3121410422', 1),
(413, 'Trong PHP, hàm nào được sử dụng để đọc nội dung của một file CSV và trả về dưới dạng một mảng hai chiều?', 1, 841464, 33, '3121410422', 1),
(414, 'Trong PHP, hàm nào được sử dụng để ghi nội dung vào một file CSV từ một mảng hai chiều?', 2, 841464, 33, '3121410422', 1);
INSERT INTO `cauhoi` (`macauhoi`, `noidung`, `dokho`, `mamonhoc`, `machuong`, `nguoitao`, `trangthai`) VALUES
(415, 'Trong PHP, hàm nào được sử dụng để kiểm tra xem một file có phải là một file PDF hay không?', 3, 841464, 33, '3121410422', 1),
(416, 'Trong PHP, hàm nào được sử dụng để kiểm tra xem một file có phải là một file ZIP hay không?', 1, 841464, 33, '3121410422', 1),
(417, 'Trong PHP, hàm nào được sử dụng để nén một thư mục thành một file ZIP?', 2, 841464, 33, '3121410422', 1),
(418, 'Trong PHP, hàm nào được sử dụng để giải nén một file ZIP vào một thư mục?', 3, 841464, 33, '3121410422', 1),
(419, 'Trong PHP, hàm nào được sử dụng để tạo một file mới và mở nó để ghi nội dung?', 1, 841464, 33, '3121410422', 1),
(420, 'Trong PHP, hàm nào được sử dụng để đóng một file đã mở?', 2, 841464, 33, '3121410422', 1),
(421, 'Trong PHP, hàm nào được sử dụng để đổi tên một file?', 3, 841464, 33, '3121410422', 1),
(422, 'Trong PHP, hàm nào được sử dụng để xóa một file?', 1, 841464, 33, '3121410422', 1),
(423, 'Trong PHP, hàm nào được sử dụng để kiểm tra xem một file có phải là một file hình ảnh PNG hay không?', 2, 841464, 33, '3121410422', 1),
(424, 'Trong PHP, hàm nào được sử dụng để kiểm tra xem một file có phải là một file hình ảnh JPEG hay không?', 3, 841464, 33, '3121410422', 1),
(425, 'Trong PHP, hàm nào được sử dụng để kiểm tra xem một file có phải là một file hình ảnh GIF hay không?', 1, 841464, 33, '3121410422', 1),
(426, 'Trong PHP, hàm nào được sử dụng để kiểm tra xem một file có phải là một file hình ảnh BMP hay không?', 2, 841464, 33, '3121410422', 1),
(427, 'Trong PHP, hàm nào được sử dụng để kiểm tra xem một file có phải là một file hình ảnh WebP hay không?', 3, 841464, 33, '3121410422', 1),
(428, 'Trong PHP, hàm nào được sử dụng để kiểm tra xem một file có phải là một file video MP4 hay không?', 1, 841464, 33, '3121410422', 1),
(429, 'Trong PHP, hàm nào được sử dụng để kiểm tra xem một file có phải là một file video AVI hay không?', 2, 841464, 33, '3121410422', 1),
(430, 'Trong PHP, hàm nào được sử dụng để kiểm tra xem một file có phải là một file audio MP3 hay không?', 3, 841464, 33, '3121410422', 1),
(431, 'Trong PHP, hàm nào được sử dụng để tạo một thư mục mới?', 1, 841464, 33, '3121410422', 1),
(432, 'Trong PHP, hàm nào được sử dụng để xóa một thư mục rỗng?', 2, 841464, 33, '3121410422', 1),
(433, 'Trong PHP, hàm nào được sử dụng để xóa một thư mục và tất cả các tập tin và thư mục con bên trong nó?', 3, 841464, 33, '3121410422', 1),
(434, 'Trong PHP, hàm nào được sử dụng để đổi tên một thư mục?', 1, 841464, 33, '3121410422', 1),
(435, 'Trong PHP, hàm nào được sử dụng để lấy danh sách tất cả các thư mục con của một thư mục?', 2, 841464, 33, '3121410422', 1),
(436, 'Trong PHP, hàm nào được sử dụng để lấy danh sách tất cả các tập tin trong một thư mục và thư mục con của nó và trả về dưới dạng một mảng?', 3, 841464, 33, '3121410422', 1),
(437, 'Trong PHP, hàm nào được sử dụng để kiểm tra xem một file hoặc thư mục có tồn tại hay không?', 1, 841464, 33, '3121410422', 1),
(438, 'Trong PHP, hàm nào được sử dụng để kiểm tra xem một đường dẫn có phải là một file hay không?', 2, 841464, 33, '3121410422', 1),
(439, 'Trong PHP, hàm nào được sử dụng để kiểm tra xem một đường dẫn có phải là một thư mục hay không?', 3, 841464, 33, '3121410422', 1),
(440, 'Trong PHP, hàm nào được sử dụng để lấy thời gian sửa đổi của một file hoặc thư mục?', 1, 841464, 33, '3121410422', 1),
(441, 'Trong PHP, hàm nào được sử dụng để lấy thời gian truy cập của một file hoặc thư mục?', 2, 841464, 33, '3121410422', 1),
(442, 'Trong OOP PHP, từ khóa nào được sử dụng để tạo một đối tượng (object)?', 1, 841464, 34, '3121410422', 1),
(443, 'Trong OOP PHP, từ khóa nào được sử dụng để kế thừa một lớp (class)?', 2, 841464, 34, '3121410422', 1),
(444, 'Trong OOP PHP, từ khóa nào được sử dụng để gọi phương thức của một đối tượng?', 3, 841464, 34, '3121410422', 1),
(445, 'Trong OOP PHP, hàm khởi tạo (constructor) của một lớp có tên là gì?', 1, 841464, 34, '3121410422', 1),
(446, 'Trong OOP PHP, hàm huỷ (destructor) của một lớp có tên là gì?', 2, 841464, 34, '3121410422', 1),
(447, 'Trong OOP PHP, từ khóa nào được sử dụng để truy cập đến thuộc tính hoặc phương thức của một lớp mà không cần tạo đối tượng (object)?', 3, 841464, 34, '3121410422', 1),
(448, 'Trong OOP PHP, phương thức nào được sử dụng để thiết lập giá trị cho một thuộc tính của đối tượng?', 1, 841464, 34, '3121410422', 1),
(449, 'Trong OOP PHP, phương thức nào được sử dụng để lấy giá trị của một thuộc tính của đối tượng?', 2, 841464, 34, '3121410422', 1),
(450, 'Trong OOP PHP, từ khóa nào được sử dụng để bảo vệ một thuộc tính hoặc phương thức của lớp chỉ được truy cập bởi lớp con (subclass)?', 3, 841464, 34, '3121410422', 1),
(451, 'Trong OOP PHP, từ khóa nào được sử dụng để tạo một phương thức tĩnh (static method)?', 1, 841464, 34, '3121410422', 1),
(452, 'Trong OOP PHP, phương thức nào được gọi tự động khi một đối tượng được khởi tạo?', 2, 841464, 34, '3121410422', 1),
(453, 'Trong OOP PHP, phương thức nào được sử dụng để trả về tên của lớp đang được gọi?', 3, 841464, 34, '3121410422', 1),
(454, 'Trong OOP PHP, interface là gì?', 1, 841464, 34, '3121410422', 1),
(455, 'Trong OOP PHP, từ khóa nào được sử dụng để khai báo một interface?', 2, 841464, 34, '3121410422', 1),
(456, 'Trong OOP PHP, từ khóa nào được sử dụng để khai báo một lớp trừu tượng (abstract class)?', 3, 841464, 34, '3121410422', 1),
(457, 'Trong OOP PHP, từ khóa nào được sử dụng để tạo một lớp trừu tượng (abstract class)?', 1, 841464, 34, '3121410422', 1),
(458, 'Trong OOP PHP, phương thức nào được sử dụng để ghi đè phương thức của lớp cha trong lớp con?', 2, 841464, 34, '3121410422', 1),
(459, 'Trong OOP PHP, từ khóa nào được sử dụng để khai báo một phương thức là final (không thể ghi đè)?', 3, 841464, 34, '3121410422', 1),
(460, 'Trong OOP PHP, tính kế thừa là gì?', 1, 841464, 34, '3121410422', 1),
(461, 'Trong OOP PHP, tính đa hình là gì?', 2, 841464, 34, '3121410422', 1),
(462, 'Trong OOP PHP, tính đóng gói là gì?', 3, 841464, 34, '3121410422', 1),
(463, 'Trong OOP PHP, từ khóa nào được sử dụng để che dấu (private) thuộc tính hoặc phương thức của một lớp?', 1, 841464, 34, '3121410422', 1),
(464, 'Trong OOP PHP, từ khóa nào được sử dụng để giới hạn quyền truy cập của thuộc tính hoặc phương thức chỉ trong phạm vi của lớp con (subclass)?', 2, 841464, 34, '3121410422', 1),
(465, 'Trong OOP PHP, phương thức nào được gọi tự động khi một đối tượng được clone?', 1, 841464, 34, '3121410422', 1),
(466, 'Trong OOP PHP, phương thức nào được sử dụng để kiểm tra tính hợp lệ của một đối tượng?', 2, 841464, 34, '3121410422', 1),
(467, 'Trong OOP PHP, phương thức nào được sử dụng để kiểm tra một đối tượng có thể gán được hay không?', 3, 841464, 34, '3121410422', 1),
(468, 'Trong OOP PHP, phương thức nào được sử dụng để lấy số lượng tham số của một phương thức?', 1, 841464, 34, '3121410422', 1),
(469, 'Trong OOP PHP, phương thức nào được sử dụng để lấy danh sách các tham số của một phương thức?', 2, 841464, 34, '3121410422', 1),
(470, 'Trong OOP PHP, phương thức nào được sử dụng để lấy danh sách các tham số tùy chọn của một phương thức?', 3, 841464, 34, '3121410422', 1),
(471, 'Trong OOP PHP, phương thức nào được sử dụng để kiểm tra một phương thức có tồn tại trong một lớp hay không?', 1, 841464, 34, '3121410422', 1),
(472, 'Trong OOP PHP, phương thức nào được sử dụng để ghi đè phương thức của một interface trong một lớp?', 2, 841464, 34, '3121410422', 1),
(473, 'Trong OOP PHP, từ khóa nào được sử dụng để ghi đè phương thức của lớp cha trong lớp con?', 3, 841464, 34, '3121410422', 1),
(474, 'Trong OOP PHP, phương thức nào được sử dụng để truy cập đến một thuộc tính hoặc phương thức của một đối tượng từ bên ngoài lớp đó?', 1, 841464, 34, '3121410422', 1),
(475, 'Trong OOP PHP, phương thức nào được sử dụng để thiết lập (set) giá trị cho một thuộc tính của một đối tượng từ bên ngoài lớp đó?', 2, 841464, 34, '3121410422', 1),
(476, 'Trong OOP PHP, phương thức nào được sử dụng để xóa một thuộc tính hoặc phương thức của một đối tượng từ bên ngoài lớp đó?', 3, 841464, 34, '3121410422', 1),
(477, 'Trong OOP PHP, phương thức nào được sử dụng để kiểm tra một thuộc tính hoặc phương thức của một đối tượng có thể được truy cập từ bên ngoài lớp đó hay không?', 1, 841464, 34, '3121410422', 1),
(478, 'Trong OOP PHP, phương thức nào được sử dụng để thiết lập (set) giá trị cho một thuộc tính của một đối tượng từ bên trong lớp đó?', 2, 841464, 34, '3121410422', 1),
(479, 'Trong OOP PHP, phương thức nào được sử dụng để truy cập đến một thuộc tính hoặc phương thức của một đối tượng từ bên trong lớp đó?', 3, 841464, 34, '3121410422', 1),
(480, 'Trong OOP PHP, phương thức nào được sử dụng để khởi tạo một đối tượng mà không cần sử dụng từ khóa &quot;new&quot;?', 1, 841464, 34, '3121410422', 1),
(481, 'Trong OOP PHP, phương thức nào được sử dụng để chuyển một đối tượng thành một hàm (callable object)?', 2, 841464, 34, '3121410422', 1),
(482, 'Trong OOP PHP, phương thức nào được sử dụng để lấy tên của lớp mà một đối tượng thuộc về?', 3, 841464, 34, '3121410422', 1),
(483, 'Trong OOP PHP, từ khóa nào được sử dụng để kế thừa một lớp cha?', 1, 841464, 34, '3121410422', 1),
(484, 'Trong OOP PHP, từ khóa nào được sử dụng để triển khai một interface?', 2, 841464, 34, '3121410422', 1),
(485, 'Trong OOP PHP, phương thức nào được sử dụng để kiểm tra một đối tượng có thể được gọi như một hàm hay không?', 3, 841464, 34, '3121410422', 1),
(486, 'Trong OOP PHP, phương thức nào được sử dụng để tạo ra một đối tượng mới từ một chuỗi (string) được đưa vào?', 1, 841464, 34, '3121410422', 1),
(487, 'Trong OOP PHP, phương thức nào được sử dụng để tạo ra một đối tượng mới từ một mảng (array) được đưa vào?', 2, 841464, 34, '3121410422', 1),
(488, 'Trong OOP PHP, phương thức nào được sử dụng để tạo ra một đối tượng mới từ một đối tượng (object) được đưa vào?', 3, 841464, 34, '3121410422', 1),
(489, 'Trong OOP PHP, phương thức nào được sử dụng để xác định phạm vi của một phương thức hoặc thuộc tính?', 1, 841464, 34, '3121410422', 1),
(490, 'Trong OOP PHP, phương thức nào được sử dụng để truy cập đến một thuộc tính hoặc phương thức của lớp từ bên trong lớp đó?', 2, 841464, 34, '3121410422', 1),
(491, 'Trong OOP PHP, phương thức nào được sử dụng để tạo ra một đối tượng mới từ một đối tượng khác?', 3, 841464, 34, '3121410422', 1),
(492, 'Trong OOP PHP, phương thức nào được sử dụng để kiểm tra một đối tượng có phải là một thể hiện của một lớp hay không?', 1, 841464, 34, '3121410422', 1),
(493, 'Trong OOP PHP, phương thức nào được sử dụng để lấy tên của đối tượng?', 2, 841464, 34, '3121410422', 1),
(494, 'Trong OOP PHP, từ khóa nào được sử dụng để truy cập đến một thuộc tính hoặc phương thức tĩnh của một lớp?', 3, 841464, 34, '3121410422', 1),
(495, 'Trong OOP PHP, từ khóa nào được sử dụng để truy cập đến một thuộc tính hoặc phương thức tĩnh của lớp cha?', 1, 841464, 34, '3121410422', 1),
(496, 'Trong OOP PHP, từ khóa nào được sử dụng để truy cập đến một thuộc tính hoặc phương thức tĩnh của lớp hiện tại?', 2, 841464, 34, '3121410422', 1),
(497, 'Trong OOP PHP, phương thức nào được sử dụng để đóng gói một lớp và các thành phần của nó vào một tệp tin để tái sử dụng hoặc chia sẻ?', 3, 841464, 34, '3121410422', 1),
(498, 'Trong OOP PHP, phương thức nào được sử dụng để tạo ra một đối tượng mới từ một đối tượng khác và thay đổi một số thuộc tính của nó?', 1, 841464, 34, '3121410422', 1),
(499, 'Trong OOP PHP, phương thức nào được sử dụng để tạo ra một đối tượng mới từ một đối tượng khác và giữ nguyên tất cả các thuộc tính của nó?', 2, 841464, 34, '3121410422', 1),
(500, 'Trong OOP PHP, phương thức nào được sử dụng để tạo ra một đối tượng mới từ một đối tượng khác và thêm vào một số thuộc tính mới?', 3, 841464, 34, '3121410422', 1),
(501, 'Trong OOP PHP, từ khóa nào được sử dụng để truy cập đến một thuộc tính hoặc phương thức bảo vệ của lớp hiện tại hoặc lớp con của nó?', 1, 841464, 34, '3121410422', 1),
(502, 'Trong OOP PHP, từ khóa nào được sử dụng để truy cập đến một thuộc tính hoặc phương thức riêng tư của lớp hiện tại?', 2, 841464, 34, '3121410422', 1),
(503, 'Trong OOP PHP, phương thức nào được sử dụng để xử lý một ngoại lệ (exception) được ném ra trong một khối try-catch?', 3, 841464, 34, '3121410422', 1),
(504, 'Trong OOP PHP, phương thức nào được sử dụng để định nghĩa một toán tử cho một lớp?', 1, 841464, 34, '3121410422', 1),
(505, 'Trong OOP PHP, phương thức nào được sử dụng để chuyển một đối tượng thành một chuỗi (string)?', 2, 841464, 34, '3121410422', 1),
(506, 'Trong OOP PHP, từ khóa nào được sử dụng để định nghĩa một hằng số?', 3, 841464, 34, '3121410422', 1),
(507, 'Trong OOP PHP, phương thức nào được sử dụng để xóa bỏ một đối tượng?', 1, 841464, 34, '3121410422', 1),
(508, 'Trong OOP PHP, từ khóa nào được sử dụng để định nghĩa một phương thức hoặc thuộc tính tĩnh?', 2, 841464, 34, '3121410422', 1),
(509, 'Trong OOP PHP, phương thức nào được sử dụng để xóa bỏ tất cả các thuộc tính và phương thức của một đối tượng?', 3, 841464, 34, '3121410422', 1),
(510, 'Trong OOP PHP, phương thức nào được sử dụng để tạo ra một đối tượng mới từ một chuỗi JSON?', 1, 841464, 34, '3121410422', 1),
(511, 'Trong OOP PHP, phương thức nào được sử dụng để chuyển một đối tượng thành một mảng (array)?', 2, 841464, 34, '3121410422', 1),
(512, 'Trong OOP PHP, phương thức nào được sử dụng để đăng ký một hàm hoặc phương thức như là một hàm hoặc phương thức xử lý sự kiện (event handler)?', 3, 841464, 34, '3121410422', 1),
(513, 'Trong OOP PHP, phương thức nào được sử dụng để tạo ra một đối tượng mới từ một đường dẫn tệp tin (file path)?', 1, 841464, 34, '3121410422', 1),
(514, 'Trong OOP PHP, phương thức nào được sử dụng để đọc nội dung của một tệp tin và trả về một chuỗi (string)?', 2, 841464, 34, '3121410422', 1),
(515, 'Trong OOP PHP, phương thức nào được sử dụng để ghi nội dung vào một tệp tin từ một chuỗi (string)?', 3, 841464, 34, '3121410422', 1),
(516, 'Trong OOP PHP, phương thức nào được sử dụng để lấy đường dẫn thư mục hiện tại?', 1, 841464, 34, '3121410422', 1),
(517, 'Trong OOP PHP, phương thức nào được sử dụng để tạo ra một thời gian (timestamp) từ một chuỗi (string) thời gian?', 2, 841464, 34, '3121410422', 1),
(518, 'Trong OOP PHP, phương thức nào được sử dụng để tạo ra một đối tượng mới từ một đối tượng khác và thay đổi một số thuộc tính của nó?', 3, 841464, 34, '3121410422', 1),
(519, 'Trong OOP PHP, phương thức nào được sử dụng để lấy tất cả các phương thức public của một lớp?', 1, 841464, 34, '3121410422', 1),
(520, 'Trong OOP PHP, phương thức nào được sử dụng để lấy tất cả các thuộc tính public của một lớp?', 2, 841464, 34, '3121410422', 1),
(521, 'Trong OOP PHP, phương thức nào được sử dụng để lấy tất cả các phương thức và thuộc tính của một lớp?', 3, 841464, 34, '3121410422', 1),
(522, 'Trong OOP PHP, phương thức nào được sử dụng để kiểm tra xem một đối tượng có phải là một thể hiện của một lớp hay không, và cả các lớp cha của nó?', 1, 841464, 34, '3121410422', 1),
(523, 'Trong OOP PHP, phương thức nào được sử dụng để kiểm tra xem một lớp có phải là một thể hiện của một lớp khác hay không?', 2, 841464, 34, '3121410422', 1),
(524, 'Trong OOP PHP, phương thức nào được sử dụng để kiểm tra xem một lớp có phải là một lớp con của một lớp khác hay không?', 3, 841464, 34, '3121410422', 1),
(525, 'Trong OOP PHP, phương thức nào được sử dụng để đọc tất cả các file trong một thư mục và trả về một mảng danh sách các tệp tin?', 1, 841464, 34, '3121410422', 1),
(526, 'Trong OOP PHP, phương thức nào được sử dụng để tạo ra một đối tượng mới từ một chuỗi XML?', 2, 841464, 34, '3121410422', 1),
(527, 'Trong OOP PHP, phương thức nào được sử dụng để chuyển một đối tượng thành một chuỗi JSON?', 3, 841464, 34, '3121410422', 1),
(528, 'Trong OOP PHP, phương thức nào được sử dụng để tạo ra một đối tượng mới từ một chuỗi URL?', 1, 841464, 34, '3121410422', 1),
(529, 'Trong OOP PHP, phương thức nào được sử dụng để tạo ra một đối tượng mới từ một chuỗi querry string?', 2, 841464, 34, '3121410422', 1),
(530, 'Trong OOP PHP, phương thức nào được sử dụng để gửi một yêu cầu HTTP GET và trả về nội dung của phản hồi dưới dạng một chuỗi (string)?', 3, 841464, 34, '3121410422', 1),
(531, 'Trong OOP PHP, phương thức nào được sử dụng để gửi một yêu cầu HTTP POST và trả về nội dung của phản hồi dưới dạng một chuỗi (string)?', 1, 841464, 34, '3121410422', 1),
(532, 'Trong OOP PHP, phương thức nào được sử dụng để chuyển đổi một đối tượng thành một chuỗi XML?', 2, 841464, 34, '3121410422', 1),
(533, 'Trong OOP PHP, phương thức nào được sử dụng để kiểm tra xem một lớp có tồn tại hay không?', 3, 841464, 34, '3121410422', 1),
(534, 'Trong OOP PHP, phương thức nào được sử dụng để lấy thông tin về một hằng số trong một lớp?', 1, 841464, 34, '3121410422', 1),
(535, 'Trong OOP PHP, phương thức nào được sử dụng để đặt tên lớp cho một đối tượng?', 2, 841464, 34, '3121410422', 1),
(536, 'Trong OOP PHP, phương thức nào được sử dụng để lấy tên lớp của một đối tượng?', 3, 841464, 34, '3121410422', 1),
(537, '<p>Chọn ph&aacute;t biểu đ&uacute;ng trong c&aacute;c ph&aacute;t biểu sau:</p>\n', 2, 841059, 23, '3121410422', 1);

-- --------------------------------------------------------

--
-- Table structure for table `cautraloi`
--

CREATE TABLE `cautraloi` (
  `macautl` int(11) NOT NULL,
  `macauhoi` int(11) NOT NULL,
  `noidungtl` varchar(500) NOT NULL,
  `ladapan` tinyint(1) NOT NULL
) ENGINE=InnoDB DEFAULT CHARSET=utf8mb4 COLLATE=utf8mb4_general_ci;

--
-- Dumping data for table `cautraloi`
--

INSERT INTO `cautraloi` (`macautl`, `macauhoi`, `noidungtl`, `ladapan`) VALUES
(1, 1, 'Object Open Programming', 0),
(2, 1, 'Open Object Programming', 0),
(3, 1, 'Object Oriented Programming.', 1),
(4, 1, 'Object Oriented Proccessing.', 0),
(5, 2, 'Tính đóng gói, tính kế thừa, tính đa hình, tính đặc biệt hóa.', 0),
(6, 2, 'Tính đóng gói, tính kế thừa, tính đa hình, tính trừu tượng.', 1),
(7, 2, 'Tính chia nhỏ, tính kế thừa.', 0),
(8, 2, 'Tính đóng gói, tính trừu tượng.', 0),
(9, 3, 'Lập trình hướng đối tượng là phương pháp đặt trọng tâm vào các đối tượng, nó không cho phép dữ liệu chuyển động một cách tự do trong hệ thống.', 1),
(10, 3, 'Lập trình hướng đối tượng là phương pháp lập trình cơ bản gần với mã máy', 0),
(11, 3, 'Lập trình hướng đối tượng là phương pháp mới của lập trình máy tính, chia chương trình thành các hàm; quan tâm đến chức năng của hệ thống.', 0),
(12, 3, 'Lập trình hướng đối tượng là phương pháp đặt trọng tâm vào các chức năng, cấu trúc chương trình được xây dựng theo cách tiếp cận hướng chức năng.', 0),
(13, 4, 'Hiện tượng lớp con kế thừa định nghĩa một hàm hoàn toàn giống lớp cha.', 1),
(14, 4, 'Hiện tượng lớp con kế thừa định nghĩa một hàm cùng tên nhưng khác kiểu với một hàm ở lớp cha.', 0),
(15, 4, 'Hiện tượng lớp con kế thừa định nghĩa một hàm cùng tên, cùng kiểu với một hàm ở lớp cha nhưng khác đối số', 0),
(16, 4, 'Hiện tượng lớp con kế thừa định nghĩa một hàm cùng tên, cùng các đối số nhưng khác kiểu với một hàm ở lớp cha.', 0),
(17, 5, 'public.', 0),
(18, 5, 'protected.', 0),
(19, 5, 'friendly.', 1),
(20, 5, 'private.', 0),
(21, 6, 'private, friendly, protected.', 0),
(22, 6, 'friendly, public.', 0),
(23, 6, 'friendly, protected, public.', 1),
(24, 6, 'public, protected.', 0),
(25, 7, 'Khởi tạo giá trị cho các thành phần dữ liệu của đối tượng.', 1),
(26, 7, 'Khai báo kiểu cho các thành phần dữ liệu của đối tượng.', 0),
(27, 7, 'Khai báo các phương thức của đối tượng.', 0),
(28, 7, 'Tất cả đều sai.', 0),
(29, 8, 'Lúc hủy đối tượng.', 0),
(30, 8, 'Lúc tạo đối tượng.', 1),
(31, 8, 'Lúc sử dụng đối tượng.', 0),
(32, 8, 'Cả ba câu trên đều đúng.', 0),
(33, 9, 'Không được trùng với tên lớp.', 0),
(34, 9, 'Phải trùng với tên lớp.', 1),
(35, 9, 'Đặt tên tùy ý.', 0),
(36, 9, 'Tất cả đều đúng.', 0),
(37, 10, 'Khởi tạo đối tượng (bằng toán tử new) cho đến hết phương trình.', 0),
(38, 10, 'Khởi tạo đối tượng (bằng toán tử new) cho đến hết phương thức chứa nó.', 0),
(39, 10, 'Khởi tạo đối tượng (bằng toán tử new) cho đến hết khối chứa nó.', 1),
(40, 10, 'Tất cả đều đúng.', 0),
(41, 11, 'Lấy danh từ chính mô tả khái niệm làm tên lớp.', 0),
(42, 11, 'Lấy các danh từ mô tả cho khái niệm chính làm thuộc tính.', 0),
(43, 11, 'Lấy các động từ tác động lên đối tượng làm phương thức.', 1),
(44, 11, 'Tất cả đều đúng.', 0),
(45, 12, 'Thành phần dữ liệu của lớp.', 0),
(46, 12, 'Phương thức của lớp.', 0),
(47, 12, 'Đoạn code.', 0),
(48, 12, 'Tất cả đều đúng.', 1),
(49, 13, 'Kết quả xuất ra giá trị từ 0 đến 99.', 0),
(50, 13, 'Kết quả xuất ra giá trị từ 0 đến 100.', 1),
(51, 13, 'Kết quả xuất ra giá trị từ 1 đến 99.', 0),
(52, 13, 'Kết quả xuất ra giá trị từ 1 đến 100.', 0),
(53, 14, 'Đặt trước tên lớp con.', 0),
(54, 14, 'Đặt trước tên lớp cha.', 1),
(55, 14, 'Đặt sau tên lớp cha.', 0),
(56, 14, 'Tất cả đều sai.', 0),
(57, 15, 'Được phép khai báo thêm các thành phần dữ liệu.', 0),
(58, 15, 'Được phép khai báo them các phương thức.', 0),
(59, 15, 'A, B đều sai.', 0),
(60, 15, 'A, B đều đúng.', 1),
(61, 16, 'Đối tượng cha của đối tượng đang thao tác.', 0),
(62, 16, 'Đối tượng đang thao tác.', 1),
(63, 16, 'Cả 2 đều đúng.', 0),
(64, 16, 'Cả 2 đều sai.', 0),
(65, 17, 'Phải trùng với tên class, phân biệt chữ hoa và thường.', 1),
(66, 17, 'Phải trùng với tên class, không phân biệt chữ hoa và thường.', 0),
(67, 17, 'Không phải trùng với tên class.', 0),
(68, 17, 'Tất cả đều sai.', 0),
(69, 18, 'Tham chiếu (địa chỉ) của vùng nhớ chứa dữ liệu của đối tượng.', 1),
(70, 18, 'Biến static.', 0),
(71, 18, 'Biến cục bộ.', 0),
(72, 18, 'Tất cả đều sai.', 0),
(73, 19, 'Không cho phép các đối tượng thuộc các class cùng package (cùng thư mục) truy cập.', 0),
(74, 19, 'Cho phép các đối tượng thuộc các class cùng package (cùng thư mục) truy cập.', 1),
(75, 19, 'Cho phép các đối tượng thuộc các class cùng package (cùng thư mục) truy cập và khác package truy cập.', 0),
(76, 19, 'Tất cả đều đúng.', 0),
(77, 20, 'Dễ mô tả các quan hệ phân cấp trong thế giới thực.', 0),
(78, 20, 'Có tính bảo mật cao.', 0),
(79, 20, 'Câu A, B đúng.', 1),
(80, 20, 'Câu A, B sai.', 0),
(81, 21, 'Dễ tái sử dụng code.', 0),
(82, 21, 'Bảo mật kém.', 0),
(83, 21, 'Có tính bảo mật cao.', 0),
(84, 21, 'A, C đúng.', 1),
(85, 22, 'Java class file có thể được dùng ở bất kỳ platform nào.', 0),
(86, 22, 'Tính module hóa cao, dùng bộ nhớ tốt hơn với class file hơn là file thực thi vì class file cần một bước địch nữa mới được CPU thực thi.', 0),
(87, 22, 'Cả 2 đều đúng.', 0),
(88, 22, 'Cả 2 đều sai.', 1),
(89, 23, '.class.', 0),
(90, 23, '.java.', 1),
(91, 23, '.com.', 0),
(92, 23, 'Tất cả đều sai.', 0),
(93, 24, 'Classes, Compiler, Debugger, Java Runtime Environment.', 1),
(94, 24, 'Classes, Compiler, Debugger.', 0),
(95, 24, 'Classes, Compiler, Java Runtime Environment.', 0),
(96, 24, 'Compiler, Debugger, Java Runtime Environment.', 0),
(97, 25, 'int age = x.getAge();', 1),
(98, 25, 'getAge(x);', 0),
(99, 25, 'getName(x);', 0),
(100, 25, 'int age = getAge(x);', 0),
(101, 26, 'Che dấu dữ liệu.', 0),
(102, 26, 'Bên ngoài chỉ giao tiếp được với đối tượng thông qua một số phương thức.', 1),
(103, 26, 'Cả 2 câu A, B đều đúng.', 0),
(104, 26, 'Cả 2 câu A, B đều sai.', 0),
(105, 27, 'if, else, switch, case, default, break.', 1),
(106, 27, 'IF, ELSE, SWITCH, CASE, DEFAULT, BREAK.', 0),
(107, 27, 'Cả 2 câu A, B đều đúng.', 0),
(108, 27, 'Cả 2 câu A, B đều sai.', 0),
(109, 28, 'True, False, Null.', 0),
(110, 28, 'TRUE, FALSE, NULL.', 0),
(111, 28, 'True, False, NULL.', 1),
(112, 28, 'true, false, null.', 0),
(113, 29, 'Java.', 0),
(114, 29, 'Oak.', 1),
(115, 29, 'Cafe', 0),
(116, 29, 'James golings.', 0),
(117, 30, 'XX.Display;', 0),
(118, 30, 'XX.Display();', 0),
(119, 30, 'objX.Display();', 1),
(120, 30, 'Display();', 0),
(121, 31, 'Các lớp được tạo thể hiện từ đó;', 0),
(122, 31, 'Một thể hiện của lớp;', 1),
(123, 31, 'Một tham chiếu đến một thuộc tính;', 0),
(124, 31, 'Một biến;', 0),
(125, 32, 'Method', 1),
(126, 32, 'Function', 0),
(127, 32, 'Procedure', 0),
(128, 32, 'Class;', 0),
(129, 33, 'Var;', 1),
(130, 33, 'Int;', 0),
(131, 33, 'Class;', 0),
(132, 33, 'Display', 0),
(133, 34, 'This', 1),
(134, 34, 'Super', 0),
(135, 34, 'Private', 0),
(136, 34, 'Tất cả đều sai;', 0),
(137, 35, 'Override', 1),
(138, 35, 'Overload', 0),
(139, 35, 'Super', 0),
(140, 35, 'Tất cả đều đúng', 0),
(141, 36, 'Constructor', 1),
(142, 36, 'Destructor', 0),
(143, 36, 'Initializer', 0),
(144, 36, 'Tất cả đều đúng', 0),
(145, 37, 'Abstract', 1),
(146, 37, 'Virtual', 0),
(147, 37, 'Static', 0),
(148, 37, 'Tất cả đều sai', 0),
(149, 38, 'Abstract', 1),
(150, 38, 'Virtual', 0),
(151, 38, 'Static', 0),
(152, 38, 'Tất cả đều đúng', 0),
(153, 39, 'Lớp được kế thừa từ lớp cha', 1),
(154, 39, 'Lớp được tạo bởi một đối tượng', 0),
(155, 39, 'Lớp được tạo bởi một phương thức', 0),
(156, 39, 'Tất cả đều đúng', 0),
(157, 40, 'Cơ chế chia chương trình thành các hàm và thủ tục thực hiện các chức năng riêng rẽ.', 0),
(158, 40, 'Cơ chế cho thấy một hàm có thể có nhiều thể hiện khác nhau ở từng thời điểm.', 0),
(159, 40, 'Cơ chế rang buộc dữ liệu và thao tác trên dữ liệu đó thành một thể thống nhất, tránh được các tác động bất ngờ từ bên ngoài. Thể thống nhất này gọi là đối tượng.', 1),
(160, 40, 'Cơ chế không cho phép các thành phần khác truy cập đến bên trong nó.', 0),
(161, 41, 'Khả năng xây dựng các lớp mới từ các lớp cũ, lớp mới được gọi là lớp dẫn xuất, lớp cũ được gọi là lớp cơ sở', 1),
(162, 41, 'Khả năng sử dụng lại các hàm đã xây dựng', 0),
(163, 41, 'Khả năng sử dụng lại các kiểu dữ liệu đã xây dựng', 0),
(164, 41, 'Tất cả đều đúng', 0),
(165, 42, 'Derived Class', 1),
(166, 42, 'Base Class', 0),
(167, 42, 'Inheritance Class', 0),
(168, 42, 'Object Class', 0),
(169, 43, 'Base Class', 0),
(170, 43, 'Derived Class', 1),
(171, 43, 'Inheritance Class', 0),
(172, 43, 'Object Class', 0),
(173, 44, 'Khả năng một hàm, thủ tục có thể được kế thừa lại', 0),
(174, 44, 'Khả năng một thông điệp có thể được truyền lại cho lớp con của nó', 0),
(175, 44, 'Khả năng một hàm, thủ tục được sử dụng lại', 0),
(176, 44, 'Khả năng một thông điệp có thể thay đổi cách thể hiện của nó theo lớp cụ thể của đối tượng được nhận thông điệp', 1),
(177, 45, 'Một thiết kế hay mẫu cho các đối tượng cùng kiểu', 1),
(178, 45, 'Một thể hiện cụ thể cho các đối tượng', 0),
(179, 45, 'Tập các phần tử cùng loại', 0),
(180, 45, 'Tập các giá trị cùng loại', 0),
(181, 46, 'Đối tượng', 0),
(182, 46, 'Kiểu dữ liệu trừu tượng', 0),
(183, 48, 'Máy tính', 0),
(184, 48, 'Xe đạp', 0),
(185, 48, 'Quả cam', 0),
(186, 48, 'Tất cả đều đúng', 1),
(187, 49, 'Hàm, thủ tục', 0),
(188, 49, 'Các module', 0),
(189, 49, 'Các đối tượng từ đó xây dựng các lớp đối tượng tương ứng', 1),
(190, 49, 'Các thông điệp', 0),
(191, 50, 'Các lớp Điểm, Hình tròn, Hình vuông, Hình chữ nhật… đều có phương thức Vẽ', 1),
(192, 50, 'Lớp hình vuông kế thừa lớp hình chữ nhật', 0),
(193, 50, 'Lớp hình tròn kế thừa lớp điểm', 0),
(194, 50, 'Lớp Điểm, Hình tròn cùng có hàm tạo, hàm hủy', 0),
(195, 51, 'Phương pháp lập trình với việc cấu trúc hóa dữ liệu và cấu trúc hóa chương trình để tránh các lệnh nhảy', 0),
(196, 51, 'Phương pháp lập trình với cách liệt kê các lệnh kế tiếp', 1),
(197, 51, 'Phương pháp lập trình được cấu trúc nghiêm ngặt với cấu trúc dạng module', 0),
(198, 51, 'Phương pháp xây dựng chương trình ứng dụng theo quan điểm dựa trên các cấu trúc dữ liệu trừu tượng, các thể hiện cụ thể của cấu trúc và quan hệ giữa chúng', 0),
(199, 52, 'Phương pháp lập trình với cách liệt kê các lệnh kế tiếp', 0),
(200, 52, 'Phương pháp lập trình với việc cấu trúc hóa dữ liệu và cấu trúc hóa chương trình để tránh các lệnh nhảy', 1),
(201, 52, 'Phương pháp lập trình được cấu trúc nghiêm ngặt với cấu trúc dạng module', 0),
(202, 52, 'Phương pháp xây dựng chương trình ứng dụng theo quan điểm dựa trên các cấu trúc dữ liệu trừu tượng, các thể hiện cụ thể của cấu trúc và quan hệ giữa chúng', 0),
(207, 54, 'Phương pháp lập trình với việc cấu trúc hóa dữ liệu và cấu trúc hóa chương trình để tránh các lệnh nhảy', 0),
(208, 54, 'Phương pháp lập trình với cách liệt kê các lệnh kế tiếp', 0),
(209, 54, 'Phương pháp lập trình được cấu trúc nghiêm ngặt với cấu trúc dạng module', 1),
(210, 54, 'Phương pháp xây dựng chương trình ứng dụng theo quan điểm dựa trên các cấu trúc dữ liệu trừu tượng, các thể hiện cụ thể của cấu trúc và quan hệ giữa chúng', 0),
(211, 55, 'Phương pháp chỉ quan tâm đến những chi tiết cần thiết (chi tiết chính) và bỏ qua những chi tiết không cần thiết', 1),
(212, 55, 'Phương pháp quan tâm đến mọi chi tiết của đối tượng', 0),
(213, 55, 'Phương pháp thay thế những chi tiết chính bằng những chi tiết tương tự', 0),
(214, 55, 'Không có phương án chính xác', 0),
(215, 56, 'Dữ liệu và đối tượng của lớp', 0),
(216, 56, 'Vô số thành phần', 0),
(217, 56, 'Khái niệm và đối tượng của lớp', 0),
(218, 56, 'Thuộc tính (dữ liệu) và phương thức (hành vi) của lớp', 1),
(219, 57, 'Tại chương trình chính chỉ có thể truy cập đến thành phần public của lớp', 1),
(220, 57, 'Tại chương trình chính chỉ có thể truy cập đến thành phần private của lớp', 0),
(221, 57, 'Tại chương trình chính có thể truy cập đến bất kì thành phần nào của lớp', 0),
(222, 57, 'Tại chương trình chính không thể truy cập đến thành phần nào của lớp', 0),
(223, 58, 'Object.', 0),
(224, 58, 'Record', 0),
(225, 58, 'File', 0),
(226, 58, 'Class', 1),
(227, 59, 'Là dữ liệu trình bày các đặc điểm của một đối tượng', 0),
(228, 59, 'Tất cả đều đúng', 0),
(229, 59, 'Là những chức năng của đối tượng', 0),
(230, 59, 'Liên quan tới những thứ mà đối tượng có thể làm. Một phương thức đáp ứng một chức năng tác động lên dữ liệu của đối tượng', 1),
(231, 60, 'Ăn, Uống, Chân, Tay', 0),
(232, 60, 'Hát, học, vui, cười', 0),
(233, 60, 'Tất cả đều sai', 0),
(234, 60, 'Chân, Tay, Mắt, Mũi, Tên, Ngày sinh', 1),
(235, 61, 'Dịch chuyển, Thiết lập toạ độ', 1),
(236, 61, 'Tung độ, hoành độ', 0),
(237, 61, 'Tung độ, hoành độ, cao độ', 0),
(238, 61, 'Tung độ, cao độ', 0),
(239, 46, 'Đối tượng', 1),
(240, 46, 'Kiểu dữ liệu trừu tượng', 0),
(241, 53, 'Truy cập thông qua tên lớp hay tên đối tượng của lớp', 1),
(242, 53, 'Không thể truy cập được', 0),
(243, 53, 'Chỉ có thể truy cập thông qua tên lớp', 0),
(244, 53, 'Chỉ có thể truy cập thông qua tên đối tượng của lớp', 0),
(245, 62, 'Statically typed', 0),
(246, 62, 'Dynamically typed', 1),
(247, 62, 'Typeless', 0),
(248, 62, 'Weakly typed', 0),
(249, 63, '$variable', 1),
(250, 63, '%variable', 0),
(251, 63, '#variable', 0),
(252, 63, '&amp;variable', 0),
(253, 64, 'const CONSTANT_NAME = &quot;value&quot;;', 1),
(254, 64, 'define CONSTANT_NAME = &quot;value&quot;;', 0),
(255, 64, 'CONSTANT_NAME = &quot;value&quot;;', 0),
(256, 64, 'const(&quot;CONSTANT_NAME&quot;, &quot;value&quot;);', 0),
(257, 65, '&lt;%php', 0),
(258, 65, '&lt;?php', 1),
(259, 65, '&lt;?', 0),
(260, 65, '&lt;php?', 0),
(261, 66, '%&gt;', 0),
(262, 66, '?&gt;', 1),
(263, 66, '&gt;?', 0),
(264, 66, 'php&gt;', 0),
(265, 67, 'print()', 0),
(266, 67, 'echo()', 1),
(267, 67, 'display()', 0),
(268, 67, 'show()', 0),
(269, 68, 'PHP 4', 0),
(270, 68, 'PHP 5', 1),
(271, 68, 'PHP 6', 0),
(272, 68, 'PHP 7', 0),
(273, 69, 'strpos()', 0),
(274, 69, 'shuffle()', 0),
(275, 69, 'sqrt()', 0),
(276, 69, 'my_custom_function()', 1),
(277, 70, '&lt;php&gt;...&lt;/php&gt;', 0),
(278, 70, '&lt;% ... %&gt;', 0),
(279, 70, '&lt;?php ... ?&gt;', 1),
(280, 70, '&lt;!php ... !&gt;', 0),
(281, 71, '$_GET[&#039;parameter_name&#039;]', 1),
(282, 71, '$GET[&#039;parameter_name&#039;]', 0),
(283, 71, '$GET.parameter_name', 0),
(284, 71, '$_GET.parameter_name', 0),
(285, 72, 'is_string()', 0),
(286, 72, 'is_int()', 0),
(287, 72, 'is_type()', 1),
(288, 72, 'is_float()', 0),
(289, 73, 'PHP 4.3', 0),
(290, 73, 'PHP 4.4', 0),
(291, 73, 'PHP 5.0', 1),
(292, 73, 'PHP 5.1', 0),
(293, 74, 'Kết thúc chương trình ngay lập tức', 1),
(294, 74, 'Ghi lại lỗi vào file log', 0),
(295, 74, 'Gửi thông báo lỗi qua email', 0),
(296, 74, 'Hiển thị thông báo lỗi trên trình duyệt', 0),
(297, 75, 'is_string()', 0),
(298, 75, 'is_int()', 0),
(299, 75, 'is_type()', 1),
(300, 75, 'is_float()', 0),
(301, 76, '&lt;php&gt;...&lt;/php&gt;', 0),
(302, 76, '&lt;% ... %&gt;', 0),
(303, 76, '&lt;?php ... ?&gt;', 1),
(304, 76, '&lt;!php ... !&gt;', 0),
(305, 77, 'var_dump()', 0),
(306, 77, 'print_r()', 0),
(307, 77, 'debug()', 1),
(308, 77, 'error_log()', 0),
(309, 78, '$_POST[&#039;parameter_name&#039;]', 1),
(310, 78, '$POST[&#039;parameter_name&#039;]', 0),
(311, 78, '$POST.parameter_name', 0),
(312, 78, '$_POST.parameter_name', 0),
(313, 79, 'global $variable;', 1),
(314, 79, 'use $variable;', 0),
(315, 79, 'import $variable;', 0),
(316, 79, 'include $variable;', 0),
(317, 80, '$_PHP_VERSION', 0),
(318, 80, '$PHP_VERSION', 0),
(319, 80, '$_VERSION', 0),
(320, 80, 'PHP_VERSION', 1),
(321, 81, 'get_constant()', 0),
(322, 81, 'constant()', 1),
(323, 81, 'get_const()', 0),
(324, 81, 'const_value()', 0),
(325, 82, '$variable = boolean true;', 0),
(326, 82, '$variable = (bool) true;', 0),
(327, 82, '$variable = bool(true);', 0),
(328, 82, '$variable = true;', 1),
(329, 83, '+', 0),
(330, 83, '.', 1),
(331, 83, '&amp;', 0),
(332, 83, '*', 0),
(333, 84, '$array = array(&quot;value1&quot;, &quot;value2&quot;, &quot;value3&quot;);', 1),
(334, 84, '$array = {&quot;value1&quot;, &quot;value2&quot;, &quot;value3&quot;};', 0),
(335, 84, '$array = [&quot;value1&quot;, &quot;value2&quot;, &quot;value3&quot;];', 0),
(336, 84, '$array = (&quot;value1&quot;, &quot;value2&quot;, &quot;value3&quot;);', 0),
(337, 85, 'count()', 1),
(338, 85, 'size()', 0),
(339, 85, 'length()', 0),
(340, 85, 'sizeof()', 0),
(341, 86, '$variable = float 3.14;', 0),
(342, 86, '$variable = (float) 3.14;', 0),
(343, 86, '$variable = float(3.14);', 0),
(344, 86, '$variable = 3.14;', 1),
(345, 87, 'Thêm thẻ &lt;?php ... ?&gt; vào trong tệp CSS', 0),
(346, 87, 'Tạo một tệp PHP và sử dụng thẻ &lt;?php ... ?&gt; để nhúng mã CSS', 0),
(347, 87, 'Không thể nhúng mã PHP vào trong tệp CSS', 1),
(348, 87, 'Sử dụng hàm include() để nhúng tệp CSS vào tệp PHP', 0),
(349, 88, 'strpos()', 1),
(350, 88, 'strstr()', 0),
(351, 88, 'in_string()', 0),
(352, 88, 'contains()', 0),
(353, 89, 'substr()', 0),
(354, 89, 'strlen()', 0),
(355, 89, 'strstr()', 0),
(356, 89, 'array_slice()', 1),
(357, 90, 'trim()', 1),
(358, 90, 'strip()', 0),
(359, 90, 'clean()', 0),
(360, 90, 'remove_whitespace()', 0),
(361, 91, 'array_push()', 0),
(362, 91, 'array_pop()', 0),
(363, 91, 'array_concat()', 1),
(364, 91, 'array_shift()', 0),
(365, 92, '&lt;form method=&quot;post&quot; action=&quot;handler.php&quot;&gt;', 1),
(366, 92, '&lt;form method=&quot;post&quot; href=&quot;handler.php&quot;&gt;', 0),
(367, 92, '&lt;form type=&quot;post&quot; action=&quot;handler.php&quot;&gt;', 0),
(368, 92, '&lt;form type=&quot;post&quot; href=&quot;handler.php&quot;&gt;', 0),
(369, 93, 'hash()', 0),
(370, 93, 'password_hash()', 1),
(371, 93, 'md5()', 0),
(372, 93, 'sha1()', 0),
(373, 94, 'time()', 1),
(374, 94, 'now()', 0),
(375, 94, 'current_time()', 0),
(376, 94, 'get_time()', 0),
(377, 95, 'int()', 0),
(378, 95, 'intval()', 1),
(379, 95, 'to_integer()', 0),
(380, 95, 'parse_int()', 0),
(381, 96, 'is_integer()', 0),
(382, 96, 'is_int()', 1),
(383, 96, 'is_number()', 0),
(384, 96, 'is_numeric()', 0),
(385, 97, 'start_session();', 0),
(386, 97, 'session_start();', 1),
(387, 97, 'begin_session();', 0),
(388, 97, 'init_session();', 0),
(389, 98, 'header(&quot;Location: url&quot;);', 1),
(390, 98, 'redirect(&quot;url&quot;);', 0),
(391, 98, 'location(&quot;url&quot;);', 0),
(392, 98, 'goto(&quot;url&quot;);', 0),
(393, 99, 'exists($variable);', 0),
(394, 99, 'isset($variable);', 1),
(395, 99, 'is_defined($variable);', 0),
(396, 99, 'check($variable);', 0),
(397, 100, 'parse_url()', 1),
(398, 100, 'url_parse()', 0),
(399, 100, 'get_domain()', 0),
(400, 100, 'domain_name()', 0),
(401, 101, 'function functionName() { }', 1),
(402, 101, 'def functionName() { }', 0),
(403, 101, 'functionName = function() { }', 0),
(404, 101, 'functionName() { }', 0),
(405, 102, 'file_get_contents()', 1),
(406, 102, 'read_file()', 0),
(407, 102, 'open_file()', 0),
(408, 102, 'get_file()', 0),
(409, 103, 'date_default_timezone_set(&quot;timezone&quot;);', 1),
(410, 103, 'set_timezone(&quot;timezone&quot;);', 0),
(411, 103, 'timezone(&quot;timezone&quot;);', 0),
(412, 103, 'set_time_zone(&quot;timezone&quot;);', 0),
(413, 104, '&amp;', 0),
(414, 104, '@', 0),
(415, 104, '$', 1),
(416, 104, '%', 0),
(417, 105, 'Có', 1),
(418, 105, 'Không', 0),
(419, 106, '$variable = integer 42;', 0),
(420, 106, '$variable = (int) 42;', 0),
(421, 106, '$variable = int(42);', 0),
(422, 106, '$variable = 42;', 1),
(423, 107, '$variable = string &quot;Hello, world!&quot;;', 0),
(424, 107, '$variable = (string) &quot;Hello, world!&quot;;', 0),
(425, 107, '$variable = str(&quot;Hello, world!&quot;);', 0),
(426, 107, '$variable = &quot;Hello, world!&quot;;', 1),
(427, 108, '$variable = array(&quot;a&quot;, &quot;b&quot;, &quot;c&quot;);', 1),
(428, 108, '$variable = (&quot;a&quot;, &quot;b&quot;, &quot;c&quot;);', 0),
(429, 108, '$variable = [&quot;a&quot;, &quot;b&quot;, &quot;c&quot;];', 0),
(430, 108, '$variable = {&quot;a&quot;, &quot;b&quot;, &quot;c&quot;};', 0),
(431, 109, '$variable = object(new ClassName());', 0),
(432, 109, '$variable = (object) new ClassName();', 0),
(433, 109, '$variable = new ClassName();', 1),
(434, 109, '$variable = obj(new ClassName());', 0),
(435, 110, '$variable = null;', 1),
(436, 110, '$variable = NULL;', 0),
(437, 110, '$variable = ();', 0),
(438, 110, '$variable = ();', 0),
(439, 111, '=', 1),
(440, 111, '==', 0),
(441, 111, '===', 0),
(442, 111, ':=', 0),
(443, 112, '=', 0),
(444, 112, '==', 1),
(445, 112, '===', 0),
(446, 112, ':=', 0),
(447, 113, '=', 0),
(448, 113, '==', 0),
(449, 113, '===', 1),
(450, 113, ':=', 0),
(451, 114, 'define(&quot;CONSTANT_NAME&quot;, &quot;value&quot;);', 1),
(452, 114, 'const(&quot;CONSTANT_NAME&quot;, &quot;value&quot;);', 0),
(453, 114, 'constant(&quot;CONSTANT_NAME&quot;, &quot;value&quot;);', 0),
(454, 114, 'set_const(&quot;CONSTANT_NAME&quot;, &quot;value&quot;);', 0),
(455, 115, 'is_string()', 0),
(456, 115, 'is_int()', 0),
(457, 115, 'is_type()', 1),
(458, 115, 'is_float()', 0),
(459, 116, '(int) $variable;', 1),
(460, 116, 'int($variable);', 0),
(461, 116, 'cast_int($variable);', 0),
(462, 116, 'integer($variable);', 0),
(463, 117, '(float) $variable;', 1),
(464, 117, 'float($variable);', 0),
(465, 117, 'cast_float($variable);', 0),
(466, 117, 'real($variable);', 0),
(467, 118, '(string) $variable;', 1),
(468, 118, 'string($variable);', 0),
(469, 118, 'cast_str($variable);', 0),
(470, 118, 'text($variable);', 0),
(471, 119, '(array) $variable;', 1),
(472, 119, 'array($variable);', 0),
(473, 119, 'cast_array($variable);', 0),
(474, 119, 'list($variable);', 0),
(475, 120, '(object) $variable;', 1),
(476, 120, 'object($variable);', 0),
(477, 120, 'cast_obj($variable);', 0),
(478, 120, 'class($variable);', 0),
(479, 121, '$string1 + $string2', 0),
(480, 121, '$string1 . $string2', 1),
(481, 121, '$string1 &amp; $string2', 0),
(482, 121, '$string1 &amp;&amp; $string2', 0),
(483, 122, 'intval($string)', 1),
(484, 122, '(int) $string', 0),
(485, 122, 'parse_int($string)', 0),
(486, 122, 'int($string)', 0),
(487, 123, 'floatval($string)', 1),
(488, 123, '(float) $string', 0),
(489, 123, 'parse_float($string)', 0),
(490, 123, 'float($string)', 0),
(491, 124, 'strval($integer)', 1),
(492, 124, '(string) $integer', 0),
(493, 124, 'parse_str($integer)', 0),
(494, 124, 'string($integer)', 0),
(495, 125, 'strval($float)', 1),
(496, 125, '(string) $float', 0),
(497, 125, 'parse_str($float)', 0),
(498, 125, 'string($float)', 0),
(499, 126, 'abs($variable)', 1),
(500, 126, 'absolute($variable)', 0),
(501, 126, '|$variable|', 0),
(502, 126, 'abs_value($variable)', 0),
(503, 127, 'round()', 0),
(504, 127, 'floor()', 1),
(505, 127, 'ceil()', 0),
(506, 127, 'truncate()', 0),
(507, 128, 'round()', 0),
(508, 128, 'floor()', 0),
(509, 128, 'ceil()', 1),
(510, 128, 'truncate()', 0),
(511, 129, 'round()', 1),
(512, 129, 'floor()', 0),
(513, 129, 'ceil()', 0),
(514, 129, 'truncate()', 0),
(515, 130, 'max()', 1),
(516, 130, 'largest()', 0),
(517, 130, 'highest()', 0),
(518, 130, 'greatest()', 0),
(519, 131, 'min()', 1),
(520, 131, 'smallest()', 0),
(521, 131, 'lowest()', 0),
(522, 131, 'least()', 0),
(523, 132, 'rand()', 1),
(524, 132, 'random()', 0),
(525, 132, 'random_int()', 0),
(526, 132, 'generate()', 0),
(527, 133, 'is_positive_integer()', 0),
(528, 133, 'is_pos_int()', 0),
(529, 133, 'is_unsigned_int()', 1),
(530, 133, 'is_natural_number()', 0),
(531, 134, 'is_negative_integer()', 1),
(532, 134, 'is_neg_int()', 0),
(533, 134, 'is_signed_int()', 0),
(534, 134, 'is_negative_number()', 0),
(535, 135, 'is_prime()', 1),
(536, 135, 'is_prime_number()', 0),
(537, 135, 'is_prime_int()', 0),
(538, 135, 'is_prime_integer()', 0),
(539, 136, 'isset()', 1),
(540, 136, 'not_null()', 0),
(541, 136, 'exists()', 0),
(542, 136, 'has_value()', 0),
(543, 137, 'empty()', 1),
(544, 137, 'is_empty()', 0),
(545, 137, 'has_no_value()', 0),
(546, 137, 'is_null()', 0),
(547, 138, 'is_null()', 1),
(548, 138, 'null()', 0),
(549, 138, 'is_empty()', 0),
(550, 138, 'empty()', 0),
(551, 139, 'is_bool()', 1),
(552, 139, 'is_boolean()', 0),
(553, 139, 'bool()', 0),
(554, 139, 'boolean()', 0),
(555, 140, 'is_int()', 1),
(556, 140, 'is_integer()', 0),
(557, 140, 'int()', 0),
(558, 140, 'integer()', 0),
(559, 141, 'is_float()', 1),
(560, 141, 'is_real()', 0),
(561, 141, 'float()', 0),
(562, 141, 'real()', 0),
(563, 142, 'is_string()', 1),
(564, 142, 'is_str()', 0),
(565, 142, 'string()', 0),
(566, 142, 'str()', 0),
(567, 143, 'if', 1),
(568, 143, 'when', 0),
(569, 143, 'test', 0),
(570, 143, 'check', 0),
(571, 144, 'switch', 1),
(572, 144, 'select', 0),
(573, 144, 'case', 0),
(574, 144, 'choose', 0),
(575, 145, 'while', 1),
(576, 145, 'loop', 0),
(577, 145, 'repeat', 0),
(578, 145, 'iterate', 0),
(579, 146, 'do', 1),
(580, 146, 'repeat', 0),
(581, 146, 'until', 0),
(582, 146, 'again', 0),
(583, 147, 'for', 1),
(584, 147, 'loop', 0),
(585, 147, 'count', 0),
(586, 147, 'times', 0),
(587, 148, 'foreach', 1),
(588, 148, 'each', 0),
(589, 148, 'iterate', 0),
(590, 148, 'over', 0),
(591, 149, 'break', 1),
(592, 149, 'exit', 0),
(593, 149, 'stop', 0),
(594, 149, 'halt', 0),
(595, 150, 'continue', 1),
(596, 150, 'skip', 0),
(597, 150, 'pass', 0),
(598, 150, 'next', 0),
(599, 151, 'else', 1),
(600, 151, 'otherwise', 0),
(601, 151, 'when_not', 0),
(602, 151, 'except', 0),
(603, 152, 'elseif', 1),
(604, 152, 'else_if', 0),
(605, 152, 'when', 0),
(606, 152, 'or_if', 0),
(607, 153, 'case', 1),
(608, 153, 'option', 0),
(609, 153, 'choice', 0),
(610, 153, 'condition', 0),
(611, 154, 'default', 1),
(612, 154, 'else', 0),
(613, 154, 'fallback', 0),
(614, 154, 'otherwise', 0),
(615, 155, 'end', 0),
(616, 155, 'finish', 0),
(617, 155, 'close', 0),
(618, 155, '}', 1),
(619, 156, 'and', 0),
(620, 156, '&amp;&amp;', 1),
(621, 156, '&amp;', 0),
(622, 156, 'both', 0),
(623, 157, 'or', 0),
(624, 157, '||', 1),
(625, 157, '|', 0),
(626, 157, 'either', 0),
(627, 158, 'not', 0),
(628, 158, '!', 1),
(629, 158, '~', 0),
(630, 158, 'invert', 0),
(631, 159, 'for', 0),
(632, 159, 'while', 1),
(633, 159, 'do-while', 0),
(634, 159, 'foreach', 0),
(635, 160, 'for', 0),
(636, 160, 'while', 0),
(637, 160, 'do-while', 1),
(638, 160, 'foreach', 0),
(639, 161, 'for', 1),
(640, 161, 'while', 0),
(641, 161, 'do-while', 0),
(642, 161, 'foreach', 0),
(643, 162, 'for', 0),
(644, 162, 'while', 0),
(645, 162, 'do-while', 0),
(646, 162, 'foreach', 1),
(647, 163, 'as', 1),
(648, 163, 'in', 0),
(649, 163, 'with', 0),
(650, 163, 'by', 0),
(651, 164, 'count()', 1),
(652, 164, 'length()', 0),
(653, 164, 'size()', 0),
(654, 164, 'num_elements()', 0),
(655, 165, '++', 1),
(656, 165, '+=', 0),
(657, 165, 'up', 0),
(658, 165, 'increment', 0),
(659, 166, '--', 1),
(660, 166, '-=', 0),
(661, 166, 'down', 0),
(662, 166, 'decrement', 0),
(663, 167, 'foreach ($array as $key =&gt; $value)', 1),
(664, 167, 'foreach ($array as $value =&gt; $key)', 0),
(665, 167, 'foreach ($array as $value)', 0),
(666, 167, 'foreach ($key as $array =&gt; $value)', 0),
(667, 168, 'Dùng break', 1),
(668, 168, 'Dùng exit', 0),
(669, 168, 'Dùng stop', 0),
(670, 168, 'Dùng halt', 0),
(671, 169, 'Dùng continue', 1),
(672, 169, 'Dùng skip', 0),
(673, 169, 'Dùng pass', 0),
(674, 169, 'Dùng next', 0),
(675, 170, 'Dùng nested foreach loops', 1),
(676, 170, 'Dùng một vòng lặp foreach duy nhất', 0),
(677, 170, 'Dùng vòng lặp for', 0),
(678, 170, 'Không thể lặp qua mảng nhiều chiều bằng foreach', 0),
(679, 171, 'Dùng hàm count() để định nghĩa điều kiện lặp', 1),
(680, 171, 'Dùng hàm sizeof() để định nghĩa điều kiện lặp', 0),
(681, 171, 'Dùng hàm array_length() để định nghĩa điều kiện lặp', 0),
(682, 171, 'Không thể lặp qua mảng không xác định số lượng phần tử bằng vòng lặp for', 0),
(683, 172, 'get_value()', 0),
(684, 172, 'value_at()', 1),
(685, 172, 'array_value()', 0),
(686, 172, 'array_key_value()', 0),
(687, 173, 'for', 0),
(688, 173, 'while', 0),
(689, 173, 'do-while', 0),
(690, 173, 'Tất cả đều đúng', 1),
(691, 174, 'Dùng hàm array_walk()', 1),
(692, 174, 'Dùng hàm array_map()', 0),
(693, 174, 'Dùng hàm array_filter()', 0),
(694, 174, 'Dùng hàm array_reduce()', 0),
(695, 175, 'break', 1),
(696, 175, 'exit', 0),
(697, 175, 'stop', 0),
(698, 175, 'halt', 0),
(699, 176, 'continue', 1),
(700, 176, 'skip', 0),
(701, 176, 'pass', 0),
(702, 176, 'next', 0),
(703, 177, 'Dùng hàm array_keys() để lấy danh sách các key và dùng vòng lặp for để lặp qua danh sách key đó', 1),
(704, 177, 'Dùng hàm array_values() để lấy danh sách các giá trị và dùng vòng lặp for để lặp qua danh sách giá trị đó', 0),
(705, 177, 'Dùng hàm array_combine() để tạo một mảng mới và dùng vòng lặp for để lặp qua mảng mới đó', 0),
(706, 177, 'Không thể lặp qua mảng có key không liên tục bằng vòng lặp for', 0),
(707, 178, 'while (true)', 0),
(708, 178, 'for (;;)', 0),
(709, 178, 'do {} while (true)', 0),
(710, 178, 'Tất cả đều đúng', 1),
(711, 179, 'Dùng hàm array_keys() để lấy danh sách các key và dùng vòng lặp for để lặp qua danh sách key đó', 1),
(712, 179, 'Dùng hàm array_values() để lấy danh sách các giá trị và dùng vòng lặp for để lặp qua danh sách giá trị đó', 0),
(713, 179, 'Dùng hàm array_combine() để tạo một mảng mới và dùng vòng lặp for để lặp qua mảng mới đó', 0),
(714, 179, 'Không thể lặp qua mảng có key dạng chuỗi bằng vòng lặp for', 0),
(715, 180, 'Dùng hàm array_walk() kết hợp với một hàm kiểm tra điều kiện', 0),
(716, 180, 'Dùng hàm array_map() kết hợp với một hàm kiểm tra điều kiện', 0),
(717, 180, 'Dùng hàm array_filter() kết hợp với một hàm kiểm tra điều kiện', 1),
(718, 180, 'Dùng hàm array_reduce() kết hợp với một hàm kiểm tra điều kiện', 0),
(719, 181, 'for', 0),
(720, 181, 'while', 0),
(721, 181, 'do-while', 0),
(722, 181, 'foreach', 1),
(723, 182, 'for', 0),
(724, 182, 'while', 0),
(725, 182, 'do-while', 0),
(726, 182, 'Không có câu trả lời đúng', 1),
(727, 183, 'foreach ($array as $key =&gt; $value)', 0),
(728, 183, 'foreach ($array as $value)', 1),
(729, 183, 'foreach ($array as $key)', 0),
(730, 183, 'foreach ($array as $key =&gt; &amp;$value)', 0),
(731, 184, '$array = array(&quot;apple&quot;, &quot;banana&quot;, &quot;cherry&quot;);', 1),
(732, 184, '$array = array(&quot;fruit1&quot; =&gt; &quot;apple&quot;, &quot;fruit2&quot; =&gt; &quot;banana&quot;, &quot;fruit3&quot; =&gt; &quot;cherry&quot;);', 0),
(733, 184, '$array = array(0 =&gt; &quot;apple&quot;, &quot;fruit&quot; =&gt; &quot;banana&quot;, 2 =&gt; &quot;cherry&quot;);', 0),
(734, 184, '$array = array(3 =&gt; &quot;apple&quot;, 1 =&gt; &quot;banana&quot;, 0 =&gt; &quot;cherry&quot;);', 0),
(735, 185, '$array = array(&quot;apple&quot;, &quot;banana&quot;, &quot;cherry&quot;);', 0),
(736, 185, '$array = array(&quot;fruit1&quot; =&gt; &quot;apple&quot;, &quot;fruit2&quot; =&gt; &quot;banana&quot;, &quot;fruit3&quot; =&gt; &quot;cherry&quot;);', 1),
(737, 185, '$array = array(0 =&gt; &quot;apple&quot;, &quot;fruit&quot; =&gt; &quot;banana&quot;, 2 =&gt; &quot;cherry&quot;);', 0),
(738, 185, '$array = array(3 =&gt; &quot;apple&quot;, 1 =&gt; &quot;banana&quot;, 0 =&gt; &quot;cherry&quot;);', 0),
(739, 186, '$array = array(array(1, 2, 3), array(4, 5, 6), array(7, 8, 9));', 0),
(740, 186, '$array = array(&quot;row1&quot; =&gt; array(1, 2, 3), &quot;row2&quot; =&gt; array(4, 5, 6), &quot;row3&quot; =&gt; array(7, 8, 9));', 0),
(741, 186, '$array = array(&quot;col1&quot; =&gt; array(1, 4, 7), &quot;col2&quot; =&gt; array(2, 5, 8), &quot;col3&quot; =&gt; array(3, 6, 9));', 0),
(742, 186, 'Tất cả đều đúng', 1),
(743, 187, 'count()', 0),
(744, 187, 'sizeof()', 0),
(745, 187, 'array_length()', 0),
(746, 187, 'Cả A và B đều đúng', 1),
(747, 188, 'is_array()', 1),
(748, 188, 'is_assoc()', 0),
(749, 188, 'is_indexed()', 0),
(750, 188, 'is_list()', 0),
(751, 189, 'is_array()', 0),
(752, 189, 'is_assoc()', 0),
(753, 189, 'is_indexed()', 1),
(754, 189, 'is_list()', 0),
(755, 190, 'array_push()', 1),
(756, 190, 'array_append()', 0),
(757, 190, 'array_add()', 0),
(758, 190, 'array_insert()', 0),
(759, 191, 'array_unshift()', 1),
(760, 191, 'array_prepend()', 0),
(761, 191, 'array_add_start()', 0),
(762, 191, 'array_insert_start()', 0),
(763, 192, 'array_shift()', 1),
(764, 192, 'array_pop()', 0),
(765, 192, 'array_remove_start()', 0),
(766, 192, 'array_remove_first()', 0),
(767, 193, 'array_shift()', 0),
(768, 193, 'array_pop()', 1),
(769, 193, 'array_remove_end()', 0),
(770, 193, 'array_remove_last()', 0),
(771, 194, 'in_array()', 1),
(772, 194, 'array_search()', 0),
(773, 194, 'array_exists()', 0),
(774, 194, 'array_contains()', 0),
(775, 195, 'array_find()', 0),
(776, 195, 'array_index()', 0),
(777, 195, 'array_position()', 0),
(778, 195, 'array_search()', 1),
(779, 196, 'sort()', 1),
(780, 196, 'rsort()', 0),
(781, 196, 'asort()', 0),
(782, 196, 'ksort()', 0),
(783, 197, 'sort()', 0),
(784, 197, 'rsort()', 0),
(785, 197, 'asort()', 1),
(786, 197, 'ksort()', 0),
(787, 198, 'sort()', 0),
(788, 198, 'rsort()', 0),
(789, 198, 'asort()', 0),
(790, 198, 'ksort()', 1),
(791, 199, 'array_merge()', 1),
(792, 199, 'array_combine()', 0),
(793, 199, 'array_join()', 0),
(794, 199, 'array_concat()', 0),
(795, 200, 'array_merge()', 0),
(796, 200, 'array_combine()', 1),
(797, 200, 'array_join()', 0),
(798, 200, 'array_concat()', 0),
(799, 201, 'array_filter()', 1),
(800, 201, 'array_map()', 0),
(801, 201, 'array_walk()', 0),
(802, 201, 'array_search()', 0),
(803, 202, 'array_filter()', 0),
(804, 202, 'array_map()', 1),
(805, 202, 'array_walk()', 0),
(806, 202, 'array_search()', 0),
(807, 203, 'is_assoc()', 1),
(808, 203, 'is_array()', 0),
(809, 203, 'is_indexed()', 0),
(810, 203, 'is_list()', 0),
(811, 204, 'is_multidimensional()', 0),
(812, 204, 'is_array_multidimensional()', 0),
(813, 204, 'array_is_multidimensional()', 0),
(814, 204, 'Không có hàm nào trong PHP để kiểm tra điều này', 1),
(815, 205, 'array_split()', 0),
(816, 205, 'array_chunk()', 1),
(817, 205, 'array_divide()', 0),
(818, 205, 'array_slice()', 0),
(819, 206, 'array_split()', 0),
(820, 206, 'array_chunk()', 0),
(821, 206, 'array_divide()', 0),
(822, 206, 'array_slice()', 1),
(823, 207, 'array_walk()', 0),
(824, 207, 'array_map()', 0),
(825, 207, 'array_reduce()', 1),
(826, 207, 'array_accumulate()', 0),
(827, 208, 'array_unique()', 1),
(828, 208, 'array_deduplicate()', 0),
(829, 208, 'array_distinct()', 0),
(830, 208, 'array_remove_duplicates()', 0),
(831, 209, 'array_intersect()', 1),
(832, 209, 'array_merge()', 0),
(833, 209, 'array_combine()', 0),
(834, 209, 'array_union()', 0),
(835, 210, 'array_intersect()', 0),
(836, 210, 'array_merge()', 1),
(837, 210, 'array_combine()', 0),
(838, 210, 'array_union()', 0),
(839, 211, 'array_reverse()', 1),
(840, 211, 'array_flip()', 0),
(841, 211, 'array_invert()', 0),
(842, 211, 'array_swap()', 0),
(843, 212, 'array_reverse()', 0),
(844, 212, 'array_flip()', 1),
(845, 212, 'array_invert()', 0),
(846, 212, 'array_swap()', 0),
(847, 213, 'array_keys()', 1),
(848, 213, 'array_values()', 0),
(849, 213, 'array_extract_keys()', 0),
(850, 213, 'array_get_keys()', 0),
(851, 214, 'array_keys()', 0),
(852, 214, 'array_values()', 1),
(853, 214, 'array_extract_values()', 0),
(854, 214, 'array_get_values()', 0),
(855, 215, 'max()', 1),
(856, 215, 'array_max()', 0),
(857, 215, 'array_maximum()', 0),
(858, 215, 'largest()', 0),
(859, 216, 'min()', 1),
(860, 216, 'array_min()', 0),
(861, 216, 'array_minimum()', 0),
(862, 216, 'smallest()', 0),
(863, 217, 'count()', 0),
(864, 217, 'sizeof()', 0),
(865, 217, 'array_count()', 0),
(866, 217, 'Cả A và B đều đúng', 1),
(867, 218, 'array_most_common()', 0),
(868, 218, 'array_mode()', 0),
(869, 218, 'array_majority()', 0),
(870, 218, 'Không có hàm nào trong PHP để thực hiện việc này', 1),
(871, 219, 'array_rand()', 1),
(872, 219, 'array_shuffle()', 0),
(873, 219, 'array_random()', 0),
(874, 219, 'array_sample()', 0),
(875, 220, 'array_rand()', 0),
(876, 220, 'array_shuffle()', 1),
(877, 220, 'array_random()', 0),
(878, 220, 'array_sample()', 0),
(879, 221, 'Một phần của đối tượng', 0),
(880, 221, 'Một cấu trúc dữ liệu', 0),
(881, 221, 'Một khối mã được đặt tên và sử dụng để thực hiện một tác vụ cụ thể', 1),
(882, 221, 'Một hằng số được định nghĩa trong một lớp', 0),
(883, 222, 'function myFunction() {}', 1),
(884, 222, 'def myFunction() {}', 0),
(885, 222, 'procedure myFunction() {}', 0),
(886, 222, 'func myFunction() {}', 0),
(887, 223, '1', 0),
(888, 223, '2', 0),
(889, 223, 'Nhiều', 0),
(890, 223, 'Không giới hạn', 1),
(891, 224, 'return giá_trị;', 1),
(892, 224, 'trả_về giá_trị;', 0),
(893, 224, 'yield giá_trị;', 0),
(894, 224, 'output giá_trị;', 0),
(895, 225, 'function_name();', 1),
(896, 225, 'call function_name();', 0),
(897, 225, 'execute function_name();', 0),
(898, 225, 'run function_name();', 0),
(899, 226, 'function_exists()', 1),
(900, 226, 'exists_function()', 0),
(901, 226, 'check_function()', 0),
(902, 226, 'test_function()', 0),
(903, 227, 'function_defined()', 1),
(904, 227, 'defined_function()', 0),
(905, 227, 'check_defined()', 0),
(906, 227, 'test_defined()', 0),
(907, 228, 'function myFunction($param1, $param2 = &#039;default_value&#039;) {}', 0),
(908, 228, 'function myFunction($param1, $param2) {}', 0),
(909, 228, 'function myFunction($param1 = &#039;default_value&#039;, $param2 = &#039;default_value&#039;) {}', 1),
(910, 228, 'function myFunction($param1, $param2 = null) {}', 0),
(911, 229, 'Truyền giá trị của biến vào hàm', 0),
(912, 229, 'Truyền địa chỉ của biến vào hàm', 1),
(913, 229, 'Truyền tên của biến vào hàm', 0),
(914, 229, 'Không thể sử dụng hàm có tham số biến trong PHP', 0),
(915, 230, 'strlen()', 1),
(916, 230, 'length()', 0),
(917, 230, 'size()', 0),
(918, 230, 'count()', 0),
(919, 231, 'strtoupper()', 1),
(920, 231, 'to_uppercase()', 0),
(921, 231, 'convert_to_upper()', 0),
(922, 231, 'upper_string()', 0),
(923, 232, 'strtolower()', 1),
(924, 232, 'to_lowercase()', 0),
(925, 232, 'convert_to_lower()', 0),
(926, 232, 'lower_string()', 0),
(927, 233, 'explode()', 1),
(928, 233, 'split()', 0),
(929, 233, 'cut()', 0),
(930, 233, 'divide()', 0),
(931, 234, 'concatenate()', 0),
(932, 234, 'merge()', 0),
(933, 234, 'join()', 0),
(934, 234, 'implode()', 1),
(935, 235, 'substr()', 1),
(936, 235, 'sub()', 0),
(937, 235, 'get_substring()', 0),
(938, 235, 'extract_string()', 0),
(939, 236, 'trim()', 1),
(940, 236, 'remove_spaces()', 0),
(941, 236, 'delete_whitespace()', 0),
(942, 236, 'clear_string()', 0),
(943, 237, 'strpos()', 1),
(944, 237, 'find()', 0),
(945, 237, 'locate()', 0),
(946, 237, 'search()', 0),
(947, 238, 'str_replace()', 1),
(948, 238, 'replace()', 0),
(949, 238, 'substitute()', 0),
(950, 238, 'swap()', 0),
(951, 239, 'urlencode()', 1),
(952, 239, 'encode_url()', 0),
(953, 239, 'url_convert()', 0),
(954, 239, 'convert_to_url()', 0),
(955, 240, 'urldecode()', 1),
(956, 240, 'decode_url()', 0),
(957, 240, 'url_to_string()', 0),
(958, 240, 'convert_url_to_string()', 0),
(959, 241, 'md5()', 1),
(960, 241, 'encode_md5()', 0),
(961, 241, 'hash()', 0),
(962, 241, 'encrypt()', 0),
(963, 242, 'sha1()', 1),
(964, 242, 'encode_sha1()', 0),
(965, 242, 'hash()', 0),
(966, 242, 'encrypt()', 0),
(967, 243, 'hash()', 1),
(968, 243, 'sha256()', 0),
(969, 243, 'encode_sha256()', 0),
(970, 243, 'encrypt()', 0),
(971, 244, 'password_hash()', 1),
(972, 244, 'bcrypt()', 0),
(973, 244, 'hash_password()', 0),
(974, 244, 'encrypt_password()', 0),
(975, 245, 'strncmp()', 0),
(976, 245, 'starts_with()', 1),
(977, 245, 'compare_beginning()', 0),
(978, 245, 'check_beginning()', 0),
(979, 246, 'strcmp()', 0),
(980, 246, 'ends_with()', 1),
(981, 246, 'compare_ending()', 0),
(982, 246, 'check_ending()', 0),
(983, 247, 'bin2hex()', 0),
(984, 247, 'random_string()', 0),
(985, 247, 'generate_string()', 0),
(986, 247, 'openssl_random_pseudo_bytes()', 1),
(987, 248, 'intval()', 1),
(988, 248, 'to_integer()', 0),
(989, 248, 'convert_to_int()', 0),
(990, 248, 'string_to_int()', 0),
(991, 249, 'strval()', 1),
(992, 249, 'to_string()', 0),
(993, 249, 'convert_to_string()', 0),
(994, 249, 'int_to_string()', 0),
(995, 250, 'sprintf()', 1),
(996, 250, 'format()', 0),
(997, 250, 'string_format()', 0),
(998, 250, 'set_format()', 0),
(999, 251, 'strstr()', 1),
(1000, 251, 'string_exists()', 0),
(1001, 251, 'check_string()', 0),
(1002, 251, 'find_string()', 0),
(1003, 252, 'substr_replace()', 1),
(1004, 252, 'replace_first()', 0),
(1005, 252, 'substitute_first()', 0),
(1006, 252, 'swap_first()', 0),
(1007, 253, 'strrev()', 1),
(1008, 253, 'reverse_string()', 0),
(1009, 253, 'invert_string()', 0),
(1010, 253, 'flip_string()', 0),
(1011, 254, 'preg_replace()', 0),
(1012, 254, 'replace_numeric()', 0),
(1013, 254, 'get_numbers()', 0),
(1014, 254, 'filter_var()', 1),
(1015, 255, 'preg_replace()', 0),
(1016, 255, 'replace_alpha()', 0),
(1017, 255, 'get_letters()', 0),
(1018, 255, 'filter_var()', 1),
(1019, 256, 'preg_replace()', 0),
(1020, 256, 'replace_alphanumeric()', 0),
(1021, 256, 'get_alphanumeric()', 0),
(1022, 256, 'filter_var()', 1),
(1023, 257, 'preg_replace()', 0),
(1024, 257, 'remove_non_alphanumeric()', 0),
(1025, 257, 'strip_tags()', 0),
(1026, 257, 'filter_var()', 1),
(1027, 258, 'str_word_count()', 1),
(1028, 258, 'word_count()', 0),
(1029, 258, 'count_words()', 0),
(1030, 258, 'string_word_count()', 0),
(1031, 259, 'number_format()', 1),
(1032, 259, 'currency_format()', 0),
(1033, 259, 'convert_to_currency()', 0),
(1034, 259, 'string_to_currency()', 0),
(1035, 260, 'str_word_count()', 0),
(1036, 260, 'reverse_words()', 1),
(1037, 260, 'invert_words()', 0),
(1038, 260, 'flip_words()', 0),
(1039, 261, 'urlencode()', 1),
(1040, 261, 'url_encode()', 0),
(1041, 261, 'convert_to_url()', 0),
(1042, 261, 'url_convert()', 0),
(1043, 262, 'urldecode()', 1),
(1044, 262, 'decode_url()', 0),
(1045, 262, 'url_to_string()', 0),
(1046, 262, 'convert_url_to_string()', 0),
(1047, 263, 'base64_encode()', 1),
(1048, 263, 'encode_base64()', 0),
(1049, 263, 'convert_to_base64()', 0),
(1050, 263, 'string_to_base64()', 0),
(1051, 264, 'base64_decode()', 1),
(1052, 264, 'decode_base64()', 0),
(1053, 264, 'convert_from_base64()', 0),
(1054, 264, 'base64_to_string()', 0),
(1055, 265, 'htmlentities()', 1),
(1056, 265, 'encode_html()', 0),
(1057, 265, 'convert_to_html()', 0),
(1058, 265, 'string_to_html()', 0),
(1059, 266, 'html_entity_decode()', 1),
(1060, 266, 'decode_html()', 0),
(1061, 266, 'convert_from_html()', 0),
(1062, 266, 'html_to_string()', 0),
(1063, 267, 'strip_tags()', 1),
(1064, 267, 'remove_tags()', 0),
(1065, 267, 'clear_html()', 0),
(1066, 267, 'delete_html()', 0),
(1067, 268, 'rawurlencode()', 1),
(1068, 268, 'url_encode_safe()', 0),
(1069, 268, 'convert_to_safe_url()', 0),
(1070, 268, 'string_to_safe_url()', 0),
(1071, 269, 'rawurldecode()', 1),
(1072, 269, 'decode_safe_url()', 0),
(1073, 269, 'convert_from_safe_url()', 0),
(1074, 269, 'safe_url_to_string()', 0),
(1075, 270, 'explode()', 1),
(1076, 270, 'split()', 0),
(1077, 270, 'cut()', 0),
(1078, 270, 'divide()', 0),
(1079, 271, 'implode()', 1),
(1080, 271, 'join()', 0),
(1081, 271, 'combine()', 0),
(1082, 271, 'merge()', 0),
(1083, 272, 'str_replace()', 1),
(1084, 272, 'replace_newline()', 0),
(1085, 272, 'substitute_linebreak()', 0),
(1086, 272, 'swap_line()', 0),
(1087, 273, 'str_replace()', 1),
(1088, 273, 'replace_space()', 0),
(1089, 273, 'substitute_whitespace()', 0),
(1090, 273, 'swap_space()', 0),
(1091, 274, 'strpos()', 1),
(1092, 274, 'find_string()', 0),
(1093, 274, 'locate_substring()', 0),
(1094, 274, 'search_string()', 0),
(1095, 275, 'strrpos()', 1),
(1096, 275, 'find_last_string()', 0),
(1097, 275, 'locate_last_substring()', 0),
(1098, 275, 'search_last_string()', 0),
(1099, 276, 'substr()', 1),
(1100, 276, 'get_substring()', 0),
(1101, 276, 'extract_string()', 0),
(1102, 276, 'cut_string()', 0),
(1103, 277, 'substr()', 1),
(1104, 277, 'get_substring()', 0),
(1105, 277, 'extract_string()', 0),
(1106, 277, 'cut_string()', 0),
(1107, 278, 'empty()', 1),
(1108, 278, 'is_empty()', 0),
(1109, 278, 'check_empty()', 0),
(1110, 278, 'has_value()', 0),
(1111, 279, 'ctype_space()', 1),
(1112, 279, 'has_space()', 0),
(1113, 279, 'check_whitespace()', 0),
(1114, 279, 'contains_whitespace()', 0),
(1115, 280, 'trim()', 1),
(1116, 280, 'remove_space()', 0),
(1117, 280, 'clear_whitespace()', 0),
(1118, 280, 'delete_space()', 0),
(1119, 281, 'ltrim()', 1),
(1120, 281, 'remove_left_space()', 0),
(1121, 281, 'clear_left_whitespace()', 0),
(1122, 281, 'delete_left_space()', 0),
(1123, 282, 'rtrim()', 1),
(1124, 282, 'remove_right_space()', 0),
(1125, 282, 'clear_right_whitespace()', 0),
(1126, 282, 'delete_right_space()', 0),
(1127, 283, 'strtolower()', 1),
(1128, 283, 'to_lower()', 0),
(1129, 283, 'convert_to_lower()', 0),
(1130, 283, 'string_to_lower()', 0),
(1131, 284, 'strtoupper()', 1),
(1132, 284, 'to_upper()', 0),
(1133, 284, 'convert_to_upper()', 0),
(1134, 284, 'string_to_upper()', 0),
(1135, 285, 'str_replace()', 0),
(1136, 285, 'replace_space_with_dash()', 1),
(1137, 285, 'substitute_whitespace_with_dash()', 0),
(1138, 285, 'swap_space_with_dash()', 0),
(1139, 286, 'substr()', 1),
(1140, 286, 'get_substring()', 0),
(1141, 286, 'extract_string()', 0),
(1142, 286, 'cut_string()', 0),
(1143, 287, 'uniqid()', 0),
(1144, 287, 'rand_string()', 0),
(1145, 287, 'random_string()', 1),
(1146, 287, 'generate_string()', 0),
(1147, 288, 'strlen()', 1),
(1148, 288, 'string_length()', 0),
(1149, 288, 'length()', 0),
(1150, 288, 'count_string()', 0),
(1151, 289, 'strpos()', 0),
(1152, 289, 'strstr()', 0),
(1153, 289, 'str_contains()', 1),
(1154, 289, 'str_search()', 0),
(1155, 290, 'strstr()', 1),
(1156, 290, 'strpos()', 0),
(1157, 290, 'str_find()', 0),
(1158, 290, 'str_locate()', 0),
(1159, 291, 'str_starts_with()', 1),
(1160, 291, 'startswith()', 0),
(1161, 291, 'str_begin()', 0),
(1162, 291, 'str_check_start()', 0),
(1163, 292, 'str_ends_with()', 1),
(1164, 292, 'endswith()', 0),
(1165, 292, 'str_finish()', 0),
(1166, 292, 'str_check_end()', 0),
(1167, 293, 'str_replace()', 1),
(1168, 293, 'replace_string()', 0),
(1169, 293, 'substitute_string()', 0),
(1170, 293, 'swap_string()', 0),
(1171, 294, 'str_split()', 1),
(1172, 294, 'split_string()', 0),
(1173, 294, 'convert_to_array()', 0),
(1174, 294, 'string_to_array()', 0),
(1175, 295, 'str_repeat()', 1),
(1176, 295, 'repeat_string()', 0),
(1177, 295, 'duplicate_string()', 0),
(1178, 295, 'copy_string()', 0),
(1179, 296, 'strrchr()', 1),
(1180, 296, 'str_find_last()', 0),
(1181, 296, 'str_locate_last()', 0),
(1182, 296, 'str_last()', 0),
(1183, 297, 'number_format()', 1),
(1184, 297, 'format_number()', 0),
(1185, 297, 'convert_to_currency()', 0),
(1186, 297, 'string_to_currency()', 0),
(1187, 298, 'htmlspecialchars()', 1),
(1188, 298, 'encode_string()', 0),
(1189, 298, 'convert_to_html()', 0),
(1190, 298, 'escape_string()', 0),
(1191, 299, 'stripslashes()', 1),
(1192, 299, 'remove_special_chars()', 0),
(1193, 299, 'clear_special_chars()', 0),
(1194, 299, 'delete_special_chars()', 0),
(1195, 300, 'urlencode()', 1),
(1196, 300, 'encode_url()', 0),
(1197, 300, 'convert_to_url()', 0),
(1198, 300, 'string_to_url()', 0),
(1199, 301, 'urldecode()', 1),
(1200, 301, 'decode_url()', 0),
(1201, 301, 'convert_from_url()', 0),
(1202, 301, 'string_from_url()', 0),
(1203, 302, 'bin2hex()', 1),
(1204, 302, 'hex_string()', 0),
(1205, 302, 'convert_to_hex()', 0),
(1206, 302, 'string_to_hex()', 0),
(1207, 303, 'hex2bin()', 1),
(1208, 303, 'string_from_hex()', 0),
(1209, 303, 'decode_hex()', 0),
(1210, 303, 'convert_from_hex()', 0),
(1211, 304, 'strtoupper()', 0),
(1212, 304, 'rand_string_upper()', 0),
(1213, 304, 'random_string_upper()', 1),
(1214, 304, 'generate_string_upper()', 0),
(1215, 305, 'strtolower()', 0),
(1216, 305, 'rand_string_lower()', 0),
(1217, 305, 'random_string_lower()', 1),
(1218, 305, 'generate_string_lower()', 0),
(1219, 306, 'rand_string_numbers()', 0),
(1220, 306, 'random_string_numbers()', 0),
(1221, 306, 'generate_string_numbers()', 1),
(1222, 306, 'num_string()', 0),
(1223, 307, 'str_ireplace()', 1),
(1224, 307, 'str_replace_all()', 0),
(1225, 307, 'replace_word()', 0),
(1226, 307, 'replace_all()', 0),
(1227, 308, 'str_starts_with()', 1),
(1228, 308, 'startswith()', 0),
(1229, 308, 'str_begin()', 0),
(1230, 308, 'str_check_start()', 0),
(1231, 309, 'str_ends_with()', 1),
(1232, 309, 'endswith()', 0),
(1233, 309, 'str_finish()', 0),
(1234, 309, 'str_check_end()', 0),
(1235, 310, 'base64_encode()', 1),
(1236, 310, 'encode_base64()', 0),
(1237, 310, 'convert_to_base64()', 0),
(1238, 310, 'string_to_base64()', 0),
(1239, 311, 'base64_decode()', 1),
(1240, 311, 'decode_base64()', 0),
(1241, 311, 'convert_from_base64()', 0),
(1242, 311, 'string_from_base64()', 0),
(1243, 312, 'utf8_encode()', 1),
(1244, 312, 'encode_utf8()', 0),
(1245, 312, 'convert_to_utf8()', 0),
(1246, 312, 'string_to_utf8()', 0),
(1247, 313, 'utf8_decode()', 1),
(1248, 313, 'decode_utf8()', 0),
(1249, 313, 'convert_from_utf8()', 0),
(1250, 313, 'string_from_utf8()', 0),
(1251, 314, 'ascii()', 1),
(1252, 314, 'convert_to_ascii()', 0),
(1253, 314, 'string_to_ascii()', 0),
(1254, 314, 'to_ascii()', 0),
(1255, 315, 'ctype_digit()', 1),
(1256, 315, 'is_digit()', 0),
(1257, 315, 'check_number()', 0),
(1258, 315, 'is_numeric()', 0),
(1259, 316, 'ctype_alpha()', 1),
(1260, 316, 'is_alpha()', 0),
(1261, 316, 'check_letters()', 0),
(1262, 316, 'is_string()', 0),
(1263, 317, 'ctype_alnum()', 1),
(1264, 317, 'is_alnum()', 0),
(1265, 317, 'check_alpha_num()', 0),
(1266, 317, 'is_string_alnum()', 0),
(1267, 318, 'ctype_lower()', 1),
(1268, 318, 'is_lower()', 0),
(1269, 318, 'check_lowercase()', 0),
(1270, 318, 'is_string_lower()', 0),
(1271, 319, 'ctype_upper()', 1),
(1272, 319, 'is_upper()', 0),
(1273, 319, 'check_uppercase()', 0),
(1274, 319, 'is_string_upper()', 0),
(1275, 320, 'ctype_xdigit()', 1),
(1276, 320, 'is_xdigit()', 0),
(1277, 320, 'check_hexadecimal()', 0),
(1278, 320, 'is_string_xdigit()', 0),
(1279, 321, 'strrev()', 1),
(1280, 321, 'reverse_string()', 0),
(1281, 321, 'flip_string()', 0),
(1282, 321, 'invert_string()', 0),
(1283, 322, 'substr()', 1),
(1284, 322, 'get_string_part()', 0),
(1285, 322, 'extract_string()', 0),
(1286, 322, 'string_section()', 0),
(1287, 323, 'substr()', 1),
(1288, 323, 'get_string_part_last()', 0),
(1289, 323, 'extract_string_last()', 0),
(1290, 323, 'string_section_last()', 0),
(1291, 324, 'substr()', 1),
(1292, 324, 'get_string_part_end()', 0),
(1293, 324, 'extract_string_end()', 0),
(1294, 324, 'string_section_end()', 0),
(1295, 325, 'trim()', 1),
(1296, 325, 'strip_string()', 0),
(1297, 325, 'clear_string()', 0),
(1298, 325, 'remove_spaces()', 0),
(1299, 326, 'ltrim()', 1),
(1300, 326, 'remove_left_spaces()', 0),
(1301, 326, 'clear_left_string()', 0),
(1302, 326, 'strip_left_string()', 0),
(1303, 327, 'date()', 1),
(1304, 327, 'current_date()', 0),
(1305, 327, 'current_time()', 0),
(1306, 327, 'time()', 0),
(1307, 328, 'time()', 1),
(1308, 328, 'get_timestamp()', 0),
(1309, 328, 'current_timestamp()', 0),
(1310, 328, 'timestamp_now()', 0),
(1311, 329, 'date()', 1),
(1312, 329, 'timestamp_to_date()', 0),
(1313, 329, 'convert_timestamp()', 0),
(1314, 329, 'time_to_date()', 0),
(1315, 330, 'strtotime()', 0),
(1316, 330, 'date_diff()', 1),
(1317, 330, 'calculate_time()', 0),
(1318, 330, 'time_difference()', 0),
(1319, 331, 'strtotime()', 0),
(1320, 331, 'date_diff()', 1),
(1321, 331, 'calculate_days()', 0),
(1322, 331, 'day_difference()', 0),
(1323, 332, 'date_add()', 1),
(1324, 332, 'add_time()', 0),
(1325, 332, 'time_add()', 0),
(1326, 332, 'append_date()', 0),
(1327, 333, 'date_sub()', 1),
(1328, 333, 'subtract_time()', 0),
(1329, 333, 'time_sub()', 0),
(1330, 333, 'remove_date()', 0),
(1331, 334, 'strtotime()', 1),
(1332, 334, 'date_to_timestamp()', 0),
(1333, 334, 'convert_date()', 0),
(1334, 334, 'time_to_timestamp()', 0),
(1335, 335, 'date()', 1),
(1336, 335, 'timezone_date()', 0),
(1337, 335, 'set_timezone()', 0),
(1338, 335, 'convert_timezone()', 0),
(1339, 336, 'date_format()', 1),
(1340, 336, 'format_date()', 0),
(1341, 336, 'convert_date_format()', 0),
(1342, 336, 'change_date_format()', 0),
(1343, 337, 'date()', 0),
(1344, 337, 'month_name()', 1),
(1345, 337, 'get_month()', 0),
(1346, 337, 'name_month()', 0),
(1347, 338, 'date()', 0),
(1348, 338, 'day_name()', 1),
(1349, 338, 'get_day()', 0),
(1350, 338, 'name_day()', 0),
(1351, 339, 'date()', 0),
(1352, 339, 'day_number()', 1),
(1353, 339, 'get_day_number()', 0),
(1354, 339, 'number_day()', 0),
(1355, 340, 'checkdate()', 1),
(1356, 340, 'validate_date()', 0),
(1357, 340, 'is_valid_date()', 0),
(1358, 340, 'date_check()', 0),
(1359, 341, 'DateTime::createFromFormat()', 1),
(1360, 341, 'create_datetime()', 0),
(1361, 341, 'datetime_from_string()', 0),
(1362, 341, 'parse_date()', 0),
(1363, 342, 'DateTime::createFromFormat()', 0),
(1364, 342, 'create_datetime()', 0),
(1365, 342, 'datetime_from_timestamp()', 1),
(1366, 342, 'parse_timestamp()', 0),
(1367, 343, 'DateTime::add()', 1),
(1368, 343, 'add_time()', 0),
(1369, 343, 'time_add()', 0),
(1370, 343, 'append_datetime()', 0),
(1371, 344, 'DateTime::sub()', 1),
(1372, 344, 'subtract_time()', 0),
(1373, 344, 'time_sub()', 0),
(1374, 344, 'remove_datetime()', 0),
(1375, 345, 'DateTime::format()', 1),
(1376, 345, 'get_datetime_value()', 0),
(1377, 345, 'datetime_attribute()', 0);
INSERT INTO `cautraloi` (`macautl`, `macauhoi`, `noidungtl`, `ladapan`) VALUES
(1378, 345, 'get_datetime_property()', 0),
(1379, 346, 'DateTime::diff()', 1),
(1380, 346, 'compare_datetime()', 0),
(1381, 346, 'datetime_compare()', 0),
(1382, 346, 'DateTime::compare()', 0),
(1383, 347, 'DateTime::format()', 1),
(1384, 347, 'datetime_to_string()', 0),
(1385, 347, 'convert_datetime()', 0),
(1386, 347, 'DateTime::toString()', 0),
(1387, 348, 'DateTime::format()', 1),
(1388, 348, 'format_datetime()', 0),
(1389, 348, 'convert_datetime_format()', 0),
(1390, 348, 'change_datetime_format()', 0),
(1391, 349, 'DateTimeZone::__construct()', 1),
(1392, 349, 'create_timezone()', 0),
(1393, 349, 'timezone_from_string()', 0),
(1394, 349, 'parse_timezone()', 0),
(1395, 350, 'DateTime::setTimezone()', 1),
(1396, 350, 'set_timezone()', 0),
(1397, 350, 'timezone_set()', 0),
(1398, 350, 'DateTime::timezone()', 0),
(1399, 351, 'timezone_identifiers_list()', 1),
(1400, 351, 'list_timezones()', 0),
(1401, 351, 'supported_timezones()', 0),
(1402, 351, 'get_timezones()', 0),
(1403, 352, 'DateTime::setTimezone()', 1),
(1404, 352, 'set_timezone()', 0),
(1405, 352, 'convert_timezone()', 0),
(1406, 352, 'DateTime::convert()', 0),
(1407, 353, 'DateInterval::createFromDateString()', 1),
(1408, 353, 'create_date_interval()', 0),
(1409, 353, 'interval_from_string()', 0),
(1410, 353, 'parse_interval()', 0),
(1411, 354, 'DateTime::diff()', 0),
(1412, 354, 'DateInterval::diff()', 1),
(1413, 354, 'interval_between()', 0),
(1414, 354, 'calculate_interval()', 0),
(1415, 355, 'strtotime()', 1),
(1416, 355, 'DateTime::diff()', 0),
(1417, 355, 'DateInterval::diff()', 0),
(1418, 355, 'calculate_time_difference()', 0),
(1419, 356, 'DateTime::diff()', 0),
(1420, 356, 'DateInterval::diff()', 1),
(1421, 356, 'calculate_minutes_difference()', 0),
(1422, 356, 'strtotime()', 0),
(1423, 357, 'DateInterval::diff()', 1),
(1424, 357, 'DateTime::diff()', 0),
(1425, 357, 'calculate_hours_difference()', 0),
(1426, 357, 'strtotime()', 0),
(1427, 358, 'DateInterval::diff()', 1),
(1428, 358, 'DateTime::diff()', 0),
(1429, 358, 'calculate_days_difference()', 0),
(1430, 358, 'strtotime()', 0),
(1431, 359, 'DateInterval::diff()', 1),
(1432, 359, 'DateTime::diff()', 0),
(1433, 359, 'calculate_years_difference()', 0),
(1434, 359, 'strtotime()', 0),
(1435, 360, 'DateTime::createFromFormat()', 0),
(1436, 360, 'create_datetime()', 0),
(1437, 360, 'datetime_from_date_time()', 0),
(1438, 360, 'DateTime::create()', 1),
(1439, 361, 'DateTime::createFromFormat()', 0),
(1440, 361, 'create_datetime()', 0),
(1441, 361, 'datetime_from_timestamp()', 0),
(1442, 361, 'DateTime::createFromTimestamp()', 1),
(1443, 362, 'checkdate()', 0),
(1444, 362, 'is_last_day_of_month()', 1),
(1445, 362, 'is_month_end()', 0),
(1446, 362, 'last_day_of_month()', 0),
(1447, 363, 'date()', 0),
(1448, 363, 'week_number()', 1),
(1449, 363, 'get_week_number()', 0),
(1450, 363, 'number_week()', 0),
(1451, 364, 'date()', 0),
(1452, 364, 'week_number()', 0),
(1453, 364, 'get_week_number()', 0),
(1454, 364, 'number_week_in_month()', 1),
(1455, 365, 'date()', 0),
(1456, 365, 'week_number()', 0),
(1457, 365, 'get_week_number()', 1),
(1458, 365, 'number_weekday()', 0),
(1459, 366, 'DateTime::format()', 1),
(1460, 366, 'format_datetime()', 0),
(1461, 366, 'create_date_string()', 0),
(1462, 366, 'DateTime::toString()', 0),
(1463, 367, 'DateTime::format()', 1),
(1464, 367, 'format_datetime()', 0),
(1465, 367, 'convert_datetime_format()', 0),
(1466, 367, 'change_datetime_format()', 0),
(1467, 368, 'date()', 0),
(1468, 368, 'month_name()', 1),
(1469, 368, 'get_month_name()', 0),
(1470, 368, 'name_month()', 0),
(1471, 369, 'date()', 0),
(1472, 369, 'month_number()', 1),
(1473, 369, 'get_month_number()', 0),
(1474, 369, 'number_month()', 0),
(1475, 370, 'date()', 0),
(1476, 370, 'day_name()', 1),
(1477, 370, 'get_day_name()', 0),
(1478, 370, 'name_day()', 0),
(1479, 371, 'date()', 0),
(1480, 371, 'day_number()', 1),
(1481, 371, 'get_day_number()', 0),
(1482, 371, 'number_day()', 0),
(1483, 372, 'DatePeriod::__construct()', 1),
(1484, 372, 'create_date_period()', 0),
(1485, 372, 'date_range()', 0),
(1486, 372, 'DateTime::range()', 0),
(1487, 373, 'DateTime::diff()', 0),
(1488, 373, 'DateInterval::diff()', 0),
(1489, 373, 'DatePeriod::getDates()', 1),
(1490, 373, 'get_date_range()', 0),
(1491, 374, 'random_date()', 1),
(1492, 374, 'generate_random_date()', 0),
(1493, 374, 'DateTime::getTimestamp()', 0),
(1494, 374, 'DateTime::setTimestamp()', 0),
(1495, 375, 'validate_date_format()', 0),
(1496, 375, 'checkdate()', 1),
(1497, 375, 'validate_datetime()', 0),
(1498, 375, 'is_date_format()', 0),
(1499, 376, 'DateTime::createFromFormat()', 1),
(1500, 376, 'convert_date_format()', 0),
(1501, 376, 'change_date_format()', 0),
(1502, 376, 'DateTime::modify()', 0),
(1503, 377, 'date()', 0),
(1504, 377, 'is_weekday()', 0),
(1505, 377, 'DateTime::format()', 0),
(1506, 377, 'DateTime::isWeekday()', 1),
(1507, 378, 'DateTime::diff()', 1),
(1508, 378, 'DateInterval::diff()', 0),
(1509, 378, 'calculate_hours_difference()', 0),
(1510, 378, 'strtotime()', 0),
(1511, 379, 'DateTime::diff()', 1),
(1512, 379, 'DateInterval::diff()', 0),
(1513, 379, 'calculate_minutes_difference()', 0),
(1514, 379, 'strtotime()', 0),
(1515, 380, 'DateTime::diff()', 1),
(1516, 380, 'DateInterval::diff()', 0),
(1517, 380, 'calculate_seconds_difference()', 0),
(1518, 380, 'strtotime()', 0),
(1519, 381, 'DateTime::diff()', 0),
(1520, 381, 'DateInterval::diff()', 1),
(1521, 381, 'calculate_days_difference()', 0),
(1522, 381, 'strtotime()', 0),
(1523, 382, 'DateTime::diff()', 0),
(1524, 382, 'DateInterval::diff()', 0),
(1525, 382, 'calculate_weeks_difference()', 1),
(1526, 382, 'strtotime()', 0),
(1527, 383, 'DateTime::diff()', 0),
(1528, 383, 'DateInterval::diff()', 0),
(1529, 383, 'calculate_months_difference()', 1),
(1530, 383, 'strtotime()', 0),
(1531, 384, 'DateTime::diff()', 0),
(1532, 384, 'DateInterval::diff()', 0),
(1533, 384, 'calculate_years_difference()', 1),
(1534, 384, 'strtotime()', 0),
(1535, 385, 'calculate_session_expiry_time()', 1),
(1536, 385, 'session_cache_expire()', 0),
(1537, 385, 'session_cache_limiter()', 0),
(1538, 385, 'session_set_cookie_params()', 0),
(1539, 386, 'date_default_timezone_set()', 0),
(1540, 386, 'DateTimeZone::__construct()', 0),
(1541, 386, 'DateTime::setTimezone()', 1),
(1542, 386, 'timezone_convert()', 0),
(1543, 387, 'date_default_timezone_get()', 1),
(1544, 387, 'DateTimeZone::getName()', 0),
(1545, 387, 'getTimezoneName()', 0),
(1546, 387, 'timezone_current()', 0),
(1547, 388, 'is_dir()', 0),
(1548, 388, 'is_hidden()', 1),
(1549, 388, 'check_hidden()', 0),
(1550, 388, 'verify_directory()', 0),
(1551, 389, 'basename()', 1),
(1552, 389, 'file_name()', 0),
(1553, 389, 'get_file_name()', 0),
(1554, 389, 'name()', 0),
(1555, 390, 'copy()', 1),
(1556, 390, 'duplicate_file()', 0),
(1557, 390, 'replicate_file()', 0),
(1558, 390, 'clone_file()', 0),
(1559, 391, 'rename()', 1),
(1560, 391, 'change_name()', 0),
(1561, 391, 'modify_name()', 0),
(1562, 391, 'update_name()', 0),
(1563, 392, 'is_link()', 1),
(1564, 392, 'is_symbolic_link()', 0),
(1565, 392, 'check_symbolic_link()', 0),
(1566, 392, 'verify_link()', 0),
(1567, 393, 'pathinfo()', 1),
(1568, 393, 'file_extension()', 0),
(1569, 393, 'get_file_extension()', 0),
(1570, 393, 'extension()', 0),
(1571, 394, 'is_fifo()', 1),
(1572, 394, 'check_fifo()', 0),
(1573, 394, 'verify_fifo()', 0),
(1574, 394, 'fifo_exists()', 0),
(1575, 395, 'is_char()', 1),
(1576, 395, 'check_char()', 0),
(1577, 395, 'verify_char()', 0),
(1578, 395, 'char_exists()', 0),
(1579, 396, 'dirname()', 1),
(1580, 396, 'parent_directory()', 0),
(1581, 396, 'get_parent_directory()', 0),
(1582, 396, 'up_directory()', 0),
(1583, 397, 'rmdir()', 1),
(1584, 397, 'remove_directory()', 0),
(1585, 397, 'delete_folder()', 0),
(1586, 397, 'erase_directory()', 0),
(1587, 398, 'is_socket()', 1),
(1588, 398, 'check_socket()', 0),
(1589, 398, 'verify_socket()', 0),
(1590, 398, 'socket_exists()', 0),
(1591, 399, 'filemtime()', 1),
(1592, 399, 'get_file_time()', 0),
(1593, 399, 'file_time()', 0),
(1594, 399, 'time()', 0),
(1595, 400, 'is_ascii()', 1),
(1596, 400, 'check_ascii()', 0),
(1597, 400, 'verify_ascii()', 0),
(1598, 400, 'ascii_exists()', 0),
(1599, 401, 'stat()', 1),
(1600, 401, 'file_info()', 0),
(1601, 401, 'get_file_info()', 0),
(1602, 401, 'info()', 0),
(1603, 402, 'is_reg()', 1),
(1604, 402, 'check_reg()', 0),
(1605, 402, 'verify_reg()', 0),
(1606, 402, 'reg_exists()', 0),
(1607, 403, 'file()', 1),
(1608, 403, 'read_file()', 0),
(1609, 403, 'get_file_content()', 0),
(1610, 403, 'file_content()', 0),
(1611, 404, 'file_get_contents()', 1),
(1612, 404, 'read_file()', 0),
(1613, 404, 'get_file_content()', 0),
(1614, 404, 'file_content()', 0),
(1615, 405, 'file_put_contents()', 1),
(1616, 405, 'write_file()', 0),
(1617, 405, 'put_file_content()', 0),
(1618, 405, 'file_content()', 0),
(1619, 406, 'chmod()', 1),
(1620, 406, 'change_permission()', 0),
(1621, 406, 'modify_permission()', 0),
(1622, 406, 'update_permission()', 0),
(1623, 407, 'chown()', 1),
(1624, 407, 'change_owner()', 0),
(1625, 407, 'modify_owner()', 0),
(1626, 407, 'update_owner()', 0),
(1627, 408, 'chgrp()', 1),
(1628, 408, 'change_group()', 0),
(1629, 408, 'modify_group()', 0),
(1630, 408, 'update_group()', 0),
(1631, 409, 'is_webp()', 1),
(1632, 409, 'check_webp()', 0),
(1633, 409, 'verify_webp()', 0),
(1634, 409, 'webp_exists()', 0),
(1635, 410, 'filesize()', 0),
(1636, 410, 'human_file_size()', 1),
(1637, 410, 'get_human_file_size()', 0),
(1638, 410, 'file_size()', 0),
(1639, 411, 'du()', 0),
(1640, 411, 'folder_size()', 1),
(1641, 411, 'get_folder_size()', 0),
(1642, 411, 'directory_size()', 0),
(1643, 412, 'scandir()', 1),
(1644, 412, 'list_files()', 0),
(1645, 412, 'get_files()', 0),
(1646, 412, 'files()', 0),
(1647, 413, 'str_getcsv()', 1),
(1648, 413, 'read_csv()', 0),
(1649, 413, 'get_csv_content()', 0),
(1650, 413, 'csv_content()', 0),
(1651, 414, 'fputcsv()', 1),
(1652, 414, 'write_csv()', 0),
(1653, 414, 'put_csv_content()', 0),
(1654, 414, 'csv_content()', 0),
(1655, 415, 'is_pdf()', 1),
(1656, 415, 'check_pdf()', 0),
(1657, 415, 'verify_pdf()', 0),
(1658, 415, 'pdf_exists()', 0),
(1659, 416, 'is_zip()', 1),
(1660, 416, 'check_zip()', 0),
(1661, 416, 'verify_zip()', 0),
(1662, 416, 'zip_exists()', 0),
(1663, 417, 'zip()', 1),
(1664, 417, 'compress()', 0),
(1665, 417, 'archive()', 0),
(1666, 417, 'pack()', 0),
(1667, 418, 'unzip()', 0),
(1668, 418, 'extract()', 1),
(1669, 418, 'decompress()', 0),
(1670, 418, 'unarchive()', 0),
(1671, 419, 'fopen()', 1),
(1672, 419, 'new_file()', 0),
(1673, 419, 'create_file()', 0),
(1674, 419, 'open_file()', 0),
(1675, 420, 'fclose()', 1),
(1676, 420, 'close_file()', 0),
(1677, 420, 'end_file()', 0),
(1678, 420, 'shut_file()', 0),
(1679, 421, 'rename()', 1),
(1680, 421, 'change_name()', 0),
(1681, 421, 'modify_name()', 0),
(1682, 421, 'update_name()', 0),
(1683, 422, 'unlink()', 1),
(1684, 422, 'delete_file()', 0),
(1685, 422, 'remove_file()', 0),
(1686, 422, 'erase_file()', 0),
(1687, 423, 'is_png()', 1),
(1688, 423, 'check_png()', 0),
(1689, 423, 'verify_png()', 0),
(1690, 423, 'png_exists()', 0),
(1691, 424, 'is_jpeg()', 1),
(1692, 424, 'check_jpeg()', 0),
(1693, 424, 'verify_jpeg()', 0),
(1694, 424, 'jpeg_exists()', 0),
(1695, 425, 'is_gif()', 1),
(1696, 425, 'check_gif()', 0),
(1697, 425, 'verify_gif()', 0),
(1698, 425, 'gif_exists()', 0),
(1699, 426, 'is_bmp()', 1),
(1700, 426, 'check_bmp()', 0),
(1701, 426, 'verify_bmp()', 0),
(1702, 426, 'bmp_exists()', 0),
(1703, 427, 'is_webp()', 1),
(1704, 427, 'check_webp()', 0),
(1705, 427, 'verify_webp()', 0),
(1706, 427, 'webp_exists()', 0),
(1707, 428, 'is_mp4()', 1),
(1708, 428, 'check_mp4()', 0),
(1709, 428, 'verify_mp4()', 0),
(1710, 428, 'mp4_exists()', 0),
(1711, 429, 'is_avi()', 1),
(1712, 429, 'check_avi()', 0),
(1713, 429, 'verify_avi()', 0),
(1714, 429, 'avi_exists()', 0),
(1715, 430, 'is_mp3()', 1),
(1716, 430, 'check_mp3()', 0),
(1717, 430, 'verify_mp3()', 0),
(1718, 430, 'mp3_exists()', 0),
(1719, 431, 'mkdir()', 1),
(1720, 431, 'new_dir()', 0),
(1721, 431, 'create_dir()', 0),
(1722, 431, 'make_dir()', 0),
(1723, 432, 'rmdir()', 1),
(1724, 432, 'delete_dir()', 0),
(1725, 432, 'remove_dir()', 0),
(1726, 432, 'erase_dir()', 0),
(1727, 433, 'rmdir_recursive()', 0),
(1728, 433, 'delete_dir_recursive()', 1),
(1729, 433, 'remove_dir_recursive()', 0),
(1730, 433, 'erase_dir_recursive()', 0),
(1731, 434, 'rename()', 1),
(1732, 434, 'change_name()', 0),
(1733, 434, 'modify_name()', 0),
(1734, 434, 'update_name()', 0),
(1735, 435, 'scandir()', 1),
(1736, 435, 'list_directories()', 0),
(1737, 435, 'get_directories()', 0),
(1738, 435, 'directories()', 0),
(1739, 436, 'glob()', 0),
(1740, 436, 'get_files_recursive()', 1),
(1741, 436, 'files_recursive()', 0),
(1742, 436, 'list_files_recursive()', 0),
(1743, 437, 'file_exists()', 1),
(1744, 437, 'item_exists()', 0),
(1745, 437, 'object_exists()', 0),
(1746, 437, 'entity_exists()', 0),
(1747, 438, 'is_file()', 1),
(1748, 438, 'check_file()', 0),
(1749, 438, 'verify_file()', 0),
(1750, 438, 'file_path()', 0),
(1751, 439, 'is_dir()', 1),
(1752, 439, 'check_dir()', 0),
(1753, 439, 'verify_dir()', 0),
(1754, 439, 'dir_path()', 0),
(1755, 440, 'filemtime()', 1),
(1756, 440, 'get_modification_time()', 0),
(1757, 440, 'modification_time()', 0),
(1758, 440, 'get_filemtime()', 0),
(1759, 441, 'fileatime()', 1),
(1760, 441, 'get_access_time()', 0),
(1761, 441, 'access_time()', 0),
(1762, 441, 'get_fileatime()', 0),
(1763, 442, 'new', 1),
(1764, 442, 'object', 0),
(1765, 442, 'instance', 0),
(1766, 442, 'create', 0),
(1767, 443, 'extends', 1),
(1768, 443, 'inherits', 0),
(1769, 443, 'implements', 0),
(1770, 443, 'interfaces', 0),
(1771, 444, 'this', 0),
(1772, 444, 'self', 0),
(1773, 444, 'parent', 0),
(1774, 444, 'đối tượng không cần từ khóa để gọi phương thức', 1),
(1775, 445, '__construct()', 1),
(1776, 445, '__init__()', 0),
(1777, 445, '__create()', 0),
(1778, 445, '__start()', 0),
(1779, 446, '__destruct()', 1),
(1780, 446, '__delete()', 0),
(1781, 446, '__remove()', 0),
(1782, 446, '__end()', 0),
(1783, 447, 'this', 0),
(1784, 447, 'self', 0),
(1785, 447, 'static', 1),
(1786, 447, 'global', 0),
(1787, 448, 'get()', 0),
(1788, 448, 'set()', 1),
(1789, 448, 'init()', 0),
(1790, 448, 'create()', 0),
(1791, 449, 'get()', 1),
(1792, 449, 'set()', 0),
(1793, 449, 'init()', 0),
(1794, 449, 'create()', 0),
(1795, 450, 'private', 0),
(1796, 450, 'protected', 1),
(1797, 450, 'public', 0),
(1798, 450, 'sealed', 0),
(1799, 451, 'static', 1),
(1800, 451, 'public', 0),
(1801, 451, 'private', 0),
(1802, 451, 'protected', 0),
(1803, 452, 'start()', 0),
(1804, 452, 'begin()', 0),
(1805, 452, 'construct()', 1),
(1806, 452, 'initialize()', 0),
(1807, 453, 'get_class()', 1),
(1808, 453, 'get_object()', 0),
(1809, 453, 'get_classname()', 0),
(1810, 453, 'get_type()', 0),
(1811, 454, 'Là một lớp đặc biệt được sử dụng để kế thừa', 0),
(1812, 454, 'Là một cách để giới hạn chức năng của một đối tượng', 0),
(1813, 454, 'Là một danh sách các phương thức cần phải được định nghĩa trong một lớp khác', 1),
(1814, 454, 'Là một cách để tránh việc sử dụng đa kế thừa', 0),
(1815, 455, 'interface', 1),
(1816, 455, 'class', 0),
(1817, 455, 'implements', 0),
(1818, 455, 'extends', 0),
(1819, 456, 'abstract', 1),
(1820, 456, 'class', 0),
(1821, 456, 'interface', 0),
(1822, 456, 'extends', 0),
(1823, 457, 'abstract', 1),
(1824, 457, 'class', 0),
(1825, 457, 'interface', 0),
(1826, 457, 'extends', 0),
(1827, 458, 'override', 0),
(1828, 458, 'overwrite', 0),
(1829, 458, 'overload', 0),
(1830, 458, 'override hoặc overwrite đều đúng', 1),
(1831, 459, 'final', 1),
(1832, 459, 'private', 0),
(1833, 459, 'protected', 0),
(1834, 459, 'static', 0),
(1835, 460, 'Là tính năng cho phép một lớp sử dụng lại mã nguồn của một lớp khác', 1),
(1836, 460, 'Là tính năng cho phép một đối tượng kế thừa các thuộc tính và phương thức của đối tượng khác', 0),
(1837, 460, 'Là tính năng cho phép một lớp triển khai các phương thức của một interface', 0),
(1838, 460, 'Là tính năng cho phép một đối tượng sử dụng các phương thức của một lớp khác', 0),
(1839, 461, 'Là tính năng cho phép một đối tượng có thể thực hiện nhiều hành động khác nhau với cùng một phương thức', 1),
(1840, 461, 'Là tính năng cho phép một đối tượng kế thừa các thuộc tính và phương thức của đối tượng khác', 0),
(1841, 461, 'Là tính năng cho phép một lớp triển khai các phương thức của một interface', 0),
(1842, 461, 'Là tính năng cho phép một đối tượng sử dụng các phương thức của một lớp khác', 0),
(1843, 462, 'Là tính năng cho phép một đối tượng kế thừa các thuộc tính và phương thức của đối tượng khác', 0),
(1844, 462, 'Là tính năng cho phép một đối tượng sử dụng các phương thức của một lớp khác', 0),
(1845, 462, 'Là tính năng cho phép che dấu thông tin của một đối tượng khỏi bên ngoài', 1),
(1846, 462, 'Là tính năng cho phép một đối tượng có thể thực hiện nhiều hành động khác nhau với cùng một phương thức', 0),
(1847, 463, 'private', 1),
(1848, 463, 'public', 0),
(1849, 463, 'protected', 0),
(1850, 463, 'hidden', 0),
(1851, 464, 'private', 0),
(1852, 464, 'public', 0),
(1853, 464, 'protected', 1),
(1854, 464, 'hidden', 0),
(1855, 465, '__clone()', 1),
(1856, 465, '__copy()', 0),
(1857, 465, '__duplicate()', 0),
(1858, 465, '__replicate()', 0),
(1859, 466, 'is_valid()', 0),
(1860, 466, 'validate()', 0),
(1861, 466, 'is_object()', 1),
(1862, 466, '__validate()', 0),
(1863, 467, '__assignable()', 0),
(1864, 467, 'is_assignable()', 1),
(1865, 467, 'can_assign()', 0),
(1866, 467, '__canassign()', 0),
(1867, 468, 'num_args()', 0),
(1868, 468, 'args_count()', 0),
(1869, 468, 'func_num_args()', 1),
(1870, 468, 'param_count()', 0),
(1871, 469, 'get_params()', 0),
(1872, 469, 'params_list()', 0),
(1873, 469, 'func_get_args()', 1),
(1874, 469, 'args_list()', 0),
(1875, 470, 'optional_params()', 0),
(1876, 470, 'func_get_args()', 1),
(1877, 470, 'get_optional_params()', 0),
(1878, 470, 'get_args_list()', 0),
(1879, 471, 'method_exists()', 1),
(1880, 471, 'func_exists()', 0),
(1881, 471, 'class_exists()', 0),
(1882, 471, 'property_exists()', 0),
(1883, 472, 'override', 0),
(1884, 472, 'implement', 1),
(1885, 472, 'overload', 0),
(1886, 472, 'implements hoặc override đều đúng', 0),
(1887, 473, 'override', 0),
(1888, 473, 'overwrite', 0),
(1889, 473, 'overload', 0),
(1890, 473, 'override hoặc overwrite đều đúng', 1),
(1891, 474, 'access()', 0),
(1892, 474, 'get()', 0),
(1893, 474, 'fetch()', 0),
(1894, 474, '__get()', 1),
(1895, 475, 'access()', 0),
(1896, 475, 'set()', 0),
(1897, 475, 'assign()', 0),
(1898, 475, '__set()', 1),
(1899, 476, 'remove()', 0),
(1900, 476, 'delete()', 0),
(1901, 476, 'unset()', 0),
(1902, 476, '__unset()', 1),
(1903, 477, 'is_accessible()', 1),
(1904, 477, 'accessible()', 0),
(1905, 477, 'can_access()', 0),
(1906, 477, '__accessible()', 0),
(1907, 478, 'set()', 1),
(1908, 478, 'assign()', 0),
(1909, 478, 'access()', 0),
(1910, 478, '__set()', 0),
(1911, 479, 'get()', 1),
(1912, 479, 'access()', 0),
(1913, 479, 'fetch()', 0),
(1914, 479, '__get()', 0),
(1915, 480, 'create()', 0),
(1916, 480, 'make()', 0),
(1917, 480, '__construct()', 0),
(1918, 480, '__invoke()', 1),
(1919, 481, 'to_callable()', 0),
(1920, 481, 'to_function()', 0),
(1921, 481, '__invoke()', 1),
(1922, 481, 'make_callable()', 0),
(1923, 482, 'get_classname()', 0),
(1924, 482, 'get_object_class()', 0),
(1925, 482, '__classname__()', 0),
(1926, 482, 'get_class()', 1),
(1927, 483, 'extends', 1),
(1928, 483, 'inherits', 0),
(1929, 483, 'implements', 0),
(1930, 483, 'parent', 0),
(1931, 484, 'extends', 0),
(1932, 484, 'inherits', 0),
(1933, 484, 'implements', 1),
(1934, 484, 'interface', 0),
(1935, 485, '__invoke()', 0),
(1936, 485, 'is_callable()', 1),
(1937, 485, 'can_invoke()', 0),
(1938, 485, 'invokeable()', 0),
(1939, 486, 'from_string()', 0),
(1940, 486, 'create_from_string()', 1),
(1941, 486, '__construct()', 0),
(1942, 486, '__tostring()', 0),
(1943, 487, 'from_array()', 0),
(1944, 487, 'create_from_array()', 1),
(1945, 487, '__construct()', 0),
(1946, 487, '__toarray()', 0),
(1947, 488, 'from_object()', 0),
(1948, 488, 'create_from_object()', 1),
(1949, 488, '__construct()', 0),
(1950, 488, '__toobject()', 0),
(1951, 489, '__scope()', 0),
(1952, 489, 'get_scope()', 1),
(1953, 489, 'scope()', 0),
(1954, 489, 'scope_of()', 0),
(1955, 490, '__class()', 0),
(1956, 490, 'get_class()', 1),
(1957, 490, 'class()', 0),
(1958, 490, 'class_of()', 0),
(1959, 491, 'clone()', 0),
(1960, 491, 'duplicate()', 0),
(1961, 491, 'replicate()', 0),
(1962, 491, '__clone()', 1),
(1963, 492, 'is_a()', 0),
(1964, 492, 'instanceof()', 1),
(1965, 492, 'type_of()', 0),
(1966, 492, 'class_of()', 0),
(1967, 493, '__name__()', 0),
(1968, 493, 'get_name()', 0),
(1969, 493, 'name()', 0),
(1970, 493, '__toString()', 1),
(1971, 494, 'this', 0),
(1972, 494, 'self', 1),
(1973, 494, 'parent', 0),
(1974, 494, 'static', 0),
(1975, 495, 'this', 0),
(1976, 495, 'self', 0),
(1977, 495, 'parent', 1),
(1978, 495, 'static', 0),
(1979, 496, 'this', 0),
(1980, 496, 'self', 1),
(1981, 496, 'parent', 0),
(1982, 496, 'static', 0),
(1983, 497, 'encapsulate()', 0),
(1984, 497, 'package()', 0),
(1985, 497, 'archive()', 0),
(1986, 497, 'namespace()', 1),
(1987, 498, 'copy()', 0),
(1988, 498, 'duplicate()', 1),
(1989, 498, 'replicate()', 0),
(1990, 498, '__clone()', 0),
(1991, 499, 'clone()', 1),
(1992, 499, 'duplicate()', 0),
(1993, 499, 'replicate()', 0),
(1994, 499, '__clone()', 0),
(1995, 500, 'copy()', 0),
(1996, 500, 'duplicate()', 0),
(1997, 500, 'replicate()', 1),
(1998, 500, '__clone()', 0),
(1999, 501, 'protected', 1),
(2000, 501, 'private', 0),
(2001, 501, 'public', 0),
(2002, 501, 'static', 0),
(2003, 502, 'protected', 0),
(2004, 502, 'private', 1),
(2005, 502, 'public', 0),
(2006, 502, 'static', 0),
(2007, 503, '__exception()', 0),
(2008, 503, 'handle_exception()', 1),
(2009, 503, 'catch_exception()', 0),
(2010, 503, '__catch()', 0),
(2011, 504, '__define_operator()', 0),
(2012, 504, 'define_operator()', 0),
(2013, 504, '__operator()', 1),
(2014, 504, 'operator()', 0),
(2015, 505, 'to_string()', 0),
(2016, 505, '__string__()', 0),
(2017, 505, 'stringify()', 0),
(2018, 505, '__toString()', 1),
(2019, 506, 'const', 1),
(2020, 506, 'define', 0),
(2021, 506, 'constant', 0),
(2022, 506, 'set_const', 0),
(2023, 507, '__destroy()', 1),
(2024, 507, 'destroy()', 0),
(2025, 507, 'delete()', 0),
(2026, 507, 'remove()', 0),
(2027, 508, 'this', 0),
(2028, 508, 'self', 0),
(2029, 508, 'parent', 0),
(2030, 508, 'static', 1),
(2031, 509, 'delete()', 0),
(2032, 509, '__destroy__()', 1),
(2033, 509, 'destroy()', 0),
(2034, 509, 'unset()', 0),
(2035, 510, 'from_json()', 0),
(2036, 510, 'create_from_json()', 1),
(2037, 510, '__construct()', 0),
(2038, 510, '__tojson()', 0),
(2039, 511, 'to_array()', 0),
(2040, 511, '__array__()', 0),
(2041, 511, 'arrayify()', 0),
(2042, 511, '__toArray()', 1),
(2043, 512, 'register_event_handler()', 0),
(2044, 512, 'add_event_handler()', 0),
(2045, 512, 'on_event()', 1),
(2046, 512, 'bind_event()', 0),
(2047, 513, 'from_file()', 0),
(2048, 513, 'create_from_file()', 1),
(2049, 513, '__construct()', 0),
(2050, 513, '__tofile()', 0),
(2051, 514, 'read_file()', 0),
(2052, 514, '__read__()', 0),
(2053, 514, 'get_file_contents()', 1),
(2054, 514, '__toString()', 0),
(2055, 515, 'write_file()', 0),
(2056, 515, '__write__()', 0),
(2057, 515, 'put_file_contents()', 1),
(2058, 515, '__tofile()', 0),
(2059, 516, '__dir__()', 0),
(2060, 516, 'getcwd()', 1),
(2061, 516, 'current_dir()', 0),
(2062, 516, '__toString()', 0),
(2063, 517, 'from_timestamp()', 0),
(2064, 517, 'create_from_timestamp()', 1),
(2065, 517, '__construct()', 0),
(2066, 517, '__totimestamp()', 0),
(2067, 518, 'copy()', 0),
(2068, 518, 'duplicate()', 1),
(2069, 518, 'replicate()', 0),
(2070, 518, '__clone()', 0),
(2071, 519, 'get_public_methods()', 1),
(2072, 519, '__public_methods__()', 0),
(2073, 519, 'public_methods()', 0),
(2074, 519, '__toString()', 0),
(2075, 520, 'get_public_properties()', 1),
(2076, 520, '__public_properties__()', 0),
(2077, 520, 'public_properties()', 0),
(2078, 520, '__toString()', 0),
(2079, 521, 'get_class_members()', 1),
(2080, 521, '__members__()', 0),
(2081, 521, 'members()', 0),
(2082, 521, '__toString()', 0),
(2083, 522, 'is_a()', 1),
(2084, 522, 'instanceof()', 0),
(2085, 522, 'type_of()', 0),
(2086, 522, 'class_of()', 0),
(2087, 523, 'is_a()', 0),
(2088, 523, 'instanceof()', 1),
(2089, 523, 'type_of()', 0),
(2090, 523, 'class_of()', 0),
(2091, 524, 'is_subclass_of()', 1),
(2092, 524, 'subclass_of()', 0),
(2093, 524, '__subclass__()', 0),
(2094, 524, '__toString()', 0),
(2095, 525, 'read_dir()', 0),
(2096, 525, '__read_dir__()', 0),
(2097, 525, 'get_dir_contents()', 1),
(2098, 525, '__toString()', 0),
(2099, 526, 'from_xml()', 0),
(2100, 526, 'create_from_xml()', 1),
(2101, 526, '__construct()', 0),
(2102, 526, '__toxml()', 0),
(2103, 527, 'to_json()', 1),
(2104, 527, '__json__()', 0),
(2105, 527, 'jsonize()', 0),
(2106, 527, '__toJson()', 0),
(2107, 528, 'from_url()', 0),
(2108, 528, 'create_from_url()', 1),
(2109, 528, '__construct()', 0),
(2110, 528, '__tourl()', 0),
(2111, 529, 'from_query_string()', 0),
(2112, 529, 'create_from_query_string()', 1),
(2113, 529, '__construct()', 0),
(2114, 529, '__toquery()', 0),
(2115, 530, 'get()', 1),
(2116, 530, '__get__()', 0),
(2117, 530, 'request()', 0),
(2118, 530, '__toString()', 0),
(2119, 531, 'post()', 1),
(2120, 531, '__post__()', 0),
(2121, 531, 'request()', 0),
(2122, 531, '__toString()', 0),
(2123, 532, 'to_xml()', 1),
(2124, 532, '__xml__()', 0),
(2125, 532, 'xmlize()', 0),
(2126, 532, '__toXml()', 0),
(2127, 533, 'class_exists()', 1),
(2128, 533, 'exists()', 0),
(2129, 533, '__class__()', 0),
(2130, 533, '__toString()', 0),
(2131, 534, 'get_class_constant()', 1),
(2132, 534, '__class_constant__()', 0),
(2133, 534, 'class_constant()', 0),
(2134, 534, '__toString()', 0),
(2135, 535, 'set_class_name()', 1),
(2136, 535, '__class_name__()', 0),
(2137, 535, 'class_name()', 0),
(2138, 535, '__toString()', 0),
(2139, 536, 'get_class_name()', 1),
(2140, 536, '__class_name__()', 0),
(2141, 536, 'class_name()', 0),
(2142, 536, '__toString()', 0),
(2143, 537, '<p>Mỗi đối tượng sau khi khai b&aacute;o sẽ được cấp ph&aacute;t một v&ugrave;ng nhớ ri&ecirc;ng để chứa c&aacute;c thuộc t&iacute;nh của ch&uacute;ng</p>\n', 0),
(2144, 537, '<p>Một lớp (sau khi định nghĩa) c&oacute; thể xem như một kiểu đối tượng v&agrave; c&oacute; thể d&ugrave;ng để khai b&aacute;o c&aacute;c biến, mảng đối tượng</p>\n', 0),
(2145, 537, '<p>Thuộc t&iacute;nh của lớp c&oacute; thể c&oacute; kiểu của ch&iacute;nh lớp đ&oacute;</p>\n', 0),
(2146, 537, '<p>Tất cả đều đ&uacute;ng</p>\n', 1);

-- --------------------------------------------------------

--
-- Table structure for table `chitietdethi`
--

CREATE TABLE `chitietdethi` (
  `made` int(11) NOT NULL,
  `macauhoi` int(11) NOT NULL,
  `thutu` int(11) DEFAULT NULL
) ENGINE=InnoDB DEFAULT CHARSET=utf8mb4 COLLATE=utf8mb4_general_ci;

--
-- Dumping data for table `chitietdethi`
--

INSERT INTO `chitietdethi` (`made`, `macauhoi`, `thutu`) VALUES
(2, 35, 15),
(2, 42, 13),
(2, 43, 12),
(2, 44, 9),
(2, 45, 10),
(2, 46, 11),
(2, 50, 14),
(2, 52, 7),
(2, 54, 6),
(2, 55, 5),
(2, 56, 4),
(2, 58, 3),
(2, 59, 2),
(2, 60, 1),
(2, 61, 8),
(13, 9, 16),
(13, 45, 15),
(13, 46, 11),
(13, 49, 14),
(13, 50, 10),
(13, 51, 12),
(13, 52, 9),
(13, 53, 13),
(13, 54, 8),
(13, 55, 7),
(13, 56, 5),
(13, 57, 6),
(13, 58, 4),
(13, 59, 3),
(13, 60, 1),
(13, 61, 2),
(16, 63, 2),
(16, 64, 1),
(16, 66, 3),
(16, 67, 4),
(16, 68, 5),
(16, 69, 6),
(16, 70, 7),
(16, 72, 10),
(16, 73, 11),
(16, 74, 9),
(16, 75, 13),
(16, 76, 12),
(16, 77, 14),
(16, 78, 15),
(16, 79, 16),
(16, 80, 8),
(16, 81, 17),
(16, 82, 18),
(16, 83, 19),
(16, 84, 20),
(16, 85, 21),
(16, 86, 22),
(16, 87, 23),
(16, 88, 24),
(16, 89, 25),
(16, 90, 26),
(16, 93, 27),
(16, 94, 28),
(16, 95, 29),
(16, 96, 30);

-- --------------------------------------------------------

--
-- Table structure for table `chitietketqua`
--

CREATE TABLE `chitietketqua` (
  `makq` int(11) NOT NULL,
  `macauhoi` int(11) NOT NULL,
  `dapanchon` int(11) DEFAULT NULL
) ENGINE=InnoDB DEFAULT CHARSET=utf8mb4 COLLATE=utf8mb4_general_ci;

--
-- Dumping data for table `chitietketqua`
--

INSERT INTO `chitietketqua` (`makq`, `macauhoi`, `dapanchon`) VALUES
(42, 7, NULL),
(42, 16, NULL),
(42, 17, NULL),
(42, 22, NULL),
(42, 29, NULL),
(42, 30, NULL),
(42, 31, NULL),
(42, 33, NULL),
(42, 40, NULL),
(42, 42, NULL),
(42, 48, NULL),
(42, 52, NULL),
(42, 55, NULL),
(42, 61, NULL),
(44, 67, NULL),
(44, 70, NULL),
(44, 71, NULL),
(44, 72, NULL),
(44, 107, NULL),
(44, 112, NULL),
(44, 131, NULL),
(44, 186, NULL),
(44, 200, NULL),
(44, 203, NULL),
(44, 212, NULL),
(44, 216, NULL),
(44, 218, NULL),
(44, 298, NULL),
(44, 308, NULL),
(44, 359, NULL),
(44, 426, NULL),
(44, 443, NULL),
(44, 456, NULL),
(44, 490, NULL),
(46, 75, NULL),
(46, 110, NULL),
(46, 115, NULL),
(46, 134, NULL),
(46, 162, NULL),
(46, 169, NULL),
(46, 293, NULL),
(46, 294, NULL),
(46, 335, NULL),
(46, 354, NULL),
(46, 394, NULL),
(46, 417, NULL),
(46, 422, NULL),
(46, 432, NULL),
(46, 464, NULL),
(46, 478, NULL),
(46, 490, NULL),
(46, 494, NULL),
(46, 499, NULL),
(46, 536, NULL),
(47, 73, NULL),
(47, 87, NULL),
(47, 114, NULL),
(47, 128, NULL),
(47, 221, NULL),
(47, 250, NULL),
(47, 252, NULL),
(47, 310, NULL),
(47, 320, NULL),
(47, 400, NULL),
(47, 409, NULL),
(47, 417, NULL),
(47, 431, NULL),
(47, 443, NULL),
(47, 478, NULL),
(47, 486, NULL),
(47, 530, NULL),
(53, 79, NULL),
(53, 116, NULL),
(53, 151, NULL),
(53, 257, NULL),
(53, 283, NULL),
(53, 464, NULL),
(53, 496, NULL),
(53, 507, NULL),
(53, 518, NULL),
(53, 531, NULL),
(54, 68, NULL),
(54, 106, NULL),
(54, 120, NULL),
(54, 122, NULL),
(54, 177, NULL),
(54, 197, NULL),
(54, 256, NULL),
(54, 276, NULL),
(54, 281, NULL),
(54, 299, NULL),
(54, 335, NULL),
(54, 363, NULL),
(54, 442, NULL),
(54, 446, NULL),
(54, 476, NULL),
(58, 79, NULL),
(58, 89, NULL),
(58, 110, NULL),
(58, 140, NULL),
(58, 169, NULL),
(58, 203, NULL),
(58, 269, NULL),
(58, 302, NULL),
(58, 322, NULL),
(58, 375, NULL),
(58, 389, NULL),
(58, 396, NULL),
(58, 407, NULL),
(58, 430, NULL),
(58, 446, NULL),
(58, 472, NULL),
(58, 487, NULL),
(58, 529, NULL),
(60, 79, NULL),
(60, 86, NULL),
(60, 87, NULL),
(60, 104, NULL),
(60, 120, NULL),
(60, 124, NULL),
(60, 126, NULL),
(60, 191, NULL),
(60, 210, NULL),
(60, 211, NULL),
(60, 228, NULL),
(60, 236, NULL),
(60, 238, NULL),
(60, 245, NULL),
(60, 287, NULL),
(60, 399, NULL),
(60, 417, NULL),
(60, 446, NULL),
(60, 497, NULL),
(60, 498, NULL),
(61, 93, NULL),
(61, 95, NULL),
(61, 99, NULL),
(61, 116, NULL),
(61, 138, NULL),
(61, 169, NULL),
(61, 177, NULL),
(61, 209, NULL),
(61, 224, NULL),
(61, 238, NULL),
(61, 250, NULL),
(61, 278, NULL),
(61, 287, NULL),
(61, 320, NULL),
(61, 358, NULL),
(61, 394, NULL),
(61, 461, NULL),
(61, 479, NULL),
(61, 497, NULL),
(61, 523, NULL),
(62, 65, NULL),
(62, 74, NULL),
(62, 77, NULL),
(62, 107, NULL),
(62, 177, NULL),
(62, 231, NULL),
(62, 251, NULL),
(62, 260, NULL),
(62, 277, NULL),
(62, 293, NULL),
(62, 298, NULL),
(62, 401, NULL),
(62, 421, NULL),
(62, 443, NULL),
(62, 466, NULL),
(62, 475, NULL),
(62, 502, NULL),
(62, 520, NULL),
(65, 82, NULL),
(65, 99, NULL),
(65, 133, NULL),
(65, 184, NULL),
(65, 245, NULL),
(65, 249, NULL),
(65, 264, NULL),
(65, 265, NULL),
(65, 266, NULL),
(65, 305, NULL),
(65, 327, NULL),
(65, 334, NULL),
(65, 397, NULL),
(65, 402, NULL),
(65, 417, NULL),
(65, 449, NULL),
(65, 471, NULL),
(65, 475, NULL),
(67, 69, NULL),
(67, 107, NULL),
(67, 110, NULL),
(67, 114, NULL),
(67, 152, NULL),
(67, 157, NULL),
(67, 178, NULL),
(67, 233, NULL),
(67, 246, NULL),
(67, 270, NULL),
(67, 360, NULL),
(67, 380, NULL),
(67, 384, NULL),
(67, 411, NULL),
(67, 453, NULL),
(67, 475, NULL),
(67, 481, NULL),
(67, 491, NULL),
(67, 509, NULL),
(67, 529, NULL),
(68, 79, NULL),
(68, 82, NULL),
(68, 85, NULL),
(68, 87, NULL),
(68, 104, NULL),
(68, 148, NULL),
(68, 154, NULL),
(68, 159, NULL),
(68, 214, NULL),
(68, 245, NULL),
(68, 250, NULL),
(68, 251, NULL),
(68, 262, NULL),
(68, 283, NULL),
(68, 403, NULL),
(68, 432, NULL),
(68, 438, NULL),
(68, 440, NULL),
(68, 458, NULL),
(68, 521, NULL),
(69, 97, NULL),
(69, 120, NULL),
(69, 127, NULL),
(69, 149, NULL),
(69, 167, NULL),
(69, 172, NULL),
(69, 174, NULL),
(69, 215, NULL),
(69, 235, NULL),
(69, 238, NULL),
(69, 252, NULL),
(69, 274, NULL),
(69, 284, NULL),
(69, 315, NULL),
(69, 333, NULL),
(69, 392, NULL),
(69, 427, NULL),
(69, 429, NULL),
(69, 441, NULL),
(69, 504, NULL),
(71, 68, NULL),
(71, 117, NULL),
(71, 161, NULL),
(71, 163, NULL),
(71, 173, NULL),
(71, 194, NULL),
(71, 198, NULL),
(71, 255, NULL),
(71, 264, NULL),
(71, 353, NULL),
(71, 394, NULL),
(71, 425, NULL),
(71, 426, NULL),
(71, 451, NULL),
(71, 511, NULL),
(71, 520, NULL),
(71, 530, NULL),
(71, 535, NULL),
(72, 67, NULL),
(72, 95, NULL),
(72, 122, NULL),
(72, 134, NULL),
(72, 163, NULL),
(72, 219, NULL),
(72, 254, NULL),
(72, 258, NULL),
(72, 294, NULL),
(72, 399, NULL),
(72, 400, NULL),
(72, 408, NULL),
(72, 427, NULL),
(72, 432, NULL),
(72, 441, NULL),
(72, 468, NULL),
(72, 478, NULL),
(72, 506, NULL),
(72, 512, NULL),
(72, 534, NULL),
(73, 71, NULL),
(73, 110, NULL),
(73, 162, NULL),
(73, 169, NULL),
(73, 197, NULL),
(73, 201, NULL),
(73, 218, NULL),
(73, 219, NULL),
(73, 241, NULL),
(73, 318, NULL),
(73, 329, NULL),
(73, 396, NULL),
(73, 414, NULL),
(73, 431, NULL),
(73, 432, NULL),
(73, 441, NULL),
(73, 459, NULL),
(73, 489, NULL),
(73, 526, NULL),
(73, 534, NULL),
(74, 166, NULL),
(74, 187, NULL),
(74, 215, NULL),
(74, 253, NULL),
(74, 266, NULL),
(74, 311, NULL),
(74, 364, NULL),
(75, 62, NULL),
(75, 71, NULL),
(75, 101, NULL),
(75, 102, NULL),
(75, 119, NULL),
(75, 159, NULL),
(75, 179, NULL),
(75, 212, NULL),
(75, 238, NULL),
(75, 246, NULL),
(75, 247, NULL),
(75, 275, NULL),
(75, 284, NULL),
(75, 307, NULL),
(75, 315, NULL),
(75, 324, NULL),
(75, 393, NULL),
(75, 411, NULL),
(75, 421, NULL),
(75, 529, NULL),
(76, 118, NULL),
(76, 131, NULL),
(76, 143, NULL),
(76, 169, NULL),
(76, 174, NULL),
(76, 179, NULL),
(76, 183, NULL),
(76, 227, NULL),
(76, 243, NULL),
(76, 274, NULL),
(76, 288, NULL),
(76, 318, NULL),
(76, 438, NULL),
(76, 446, NULL),
(76, 451, NULL),
(76, 460, NULL),
(76, 475, NULL),
(76, 490, NULL),
(76, 502, NULL),
(76, 515, NULL),
(77, 100, NULL),
(77, 122, NULL),
(77, 147, NULL),
(77, 176, NULL),
(77, 212, NULL),
(77, 215, NULL),
(77, 220, NULL),
(77, 231, NULL),
(77, 244, NULL),
(77, 275, NULL),
(77, 277, NULL),
(77, 309, NULL),
(77, 314, NULL),
(77, 366, NULL),
(77, 389, NULL),
(77, 396, NULL),
(77, 450, NULL),
(77, 479, NULL),
(77, 512, NULL),
(77, 520, NULL),
(78, 75, NULL),
(78, 78, NULL),
(78, 117, NULL),
(78, 137, NULL),
(78, 139, NULL),
(78, 182, NULL),
(78, 204, NULL),
(78, 211, NULL),
(78, 219, NULL),
(78, 250, NULL),
(78, 256, NULL),
(78, 272, NULL),
(78, 386, NULL),
(78, 389, NULL),
(78, 401, NULL),
(78, 417, NULL),
(78, 454, NULL),
(78, 458, NULL),
(78, 461, NULL),
(78, 464, NULL),
(79, 69, NULL),
(79, 87, NULL),
(79, 90, NULL),
(79, 115, NULL),
(79, 117, NULL),
(79, 144, NULL),
(79, 149, NULL),
(79, 155, NULL),
(79, 163, NULL),
(79, 177, NULL),
(79, 195, NULL),
(79, 231, NULL),
(79, 278, NULL),
(79, 300, NULL),
(79, 342, NULL),
(79, 399, NULL),
(79, 402, NULL),
(79, 414, NULL),
(79, 496, NULL),
(79, 526, NULL),
(80, 70, NULL),
(80, 79, NULL),
(80, 94, NULL),
(80, 98, NULL),
(80, 101, NULL),
(80, 102, NULL),
(80, 108, NULL),
(80, 128, NULL),
(80, 133, NULL),
(80, 136, NULL),
(80, 137, NULL),
(80, 139, NULL),
(80, 144, NULL),
(80, 150, NULL),
(80, 156, NULL),
(80, 188, NULL),
(80, 189, NULL),
(80, 199, NULL),
(80, 206, NULL),
(80, 211, NULL),
(81, 62, NULL),
(81, 65, NULL),
(81, 73, NULL),
(81, 79, NULL),
(81, 82, NULL),
(81, 98, NULL),
(81, 102, NULL),
(81, 105, NULL),
(81, 108, NULL),
(81, 123, NULL),
(81, 131, NULL),
(81, 157, NULL),
(81, 158, NULL),
(81, 160, NULL),
(81, 180, NULL),
(81, 194, NULL),
(81, 200, NULL),
(81, 209, NULL),
(81, 211, NULL),
(81, 218, NULL),
(82, 62, NULL),
(82, 100, NULL),
(82, 147, NULL),
(82, 176, NULL),
(82, 180, NULL),
(82, 235, NULL),
(82, 242, NULL),
(82, 260, NULL),
(82, 282, NULL),
(82, 283, NULL),
(82, 338, NULL),
(82, 348, NULL),
(82, 372, NULL),
(82, 402, NULL),
(82, 406, NULL),
(82, 426, NULL),
(82, 445, NULL),
(82, 455, NULL),
(82, 466, NULL),
(82, 487, NULL),
(83, 80, NULL),
(83, 85, NULL),
(83, 105, NULL),
(83, 114, NULL),
(83, 119, NULL),
(83, 123, NULL),
(83, 132, NULL),
(83, 147, NULL),
(83, 149, NULL),
(83, 153, NULL),
(83, 154, NULL),
(83, 176, NULL),
(83, 178, NULL),
(83, 182, NULL),
(83, 186, NULL),
(83, 190, NULL),
(83, 197, NULL),
(83, 201, NULL),
(83, 206, NULL),
(83, 216, NULL),
(86, 64, NULL),
(86, 73, NULL),
(86, 86, NULL),
(86, 101, NULL),
(86, 104, NULL),
(86, 106, NULL),
(86, 115, NULL),
(86, 128, NULL),
(86, 131, NULL),
(86, 151, NULL),
(86, 152, NULL),
(86, 159, NULL),
(86, 161, NULL),
(86, 162, NULL),
(86, 171, NULL),
(86, 182, NULL),
(86, 189, NULL),
(86, 206, NULL),
(86, 212, NULL),
(86, 215, NULL),
(87, 115, NULL),
(87, 149, NULL),
(87, 159, NULL),
(103, 107, NULL),
(103, 194, NULL),
(104, 71, NULL),
(104, 76, NULL),
(104, 79, NULL),
(104, 90, NULL),
(104, 101, NULL),
(104, 106, NULL),
(104, 116, NULL),
(104, 139, NULL),
(104, 145, NULL),
(104, 146, NULL),
(104, 151, NULL),
(104, 153, NULL),
(104, 162, NULL),
(104, 183, NULL),
(104, 188, NULL),
(104, 212, NULL),
(104, 217, NULL),
(105, 92, NULL),
(105, 100, NULL),
(105, 104, NULL),
(105, 116, NULL),
(105, 119, NULL),
(105, 132, NULL),
(105, 140, NULL),
(105, 141, NULL),
(105, 149, NULL),
(105, 153, NULL),
(105, 154, NULL),
(105, 160, NULL),
(105, 166, NULL),
(105, 175, NULL),
(105, 176, NULL),
(105, 179, NULL),
(105, 188, NULL),
(105, 203, NULL),
(105, 205, NULL),
(105, 212, NULL),
(106, 70, NULL),
(106, 77, NULL),
(106, 84, NULL),
(106, 118, NULL),
(106, 119, NULL),
(106, 128, NULL),
(106, 139, NULL),
(106, 142, NULL),
(106, 144, NULL),
(106, 148, NULL),
(106, 149, NULL),
(106, 157, NULL),
(106, 169, NULL),
(106, 170, NULL),
(106, 184, NULL),
(106, 187, NULL),
(106, 191, NULL),
(106, 194, NULL),
(106, 196, NULL),
(106, 201, NULL),
(107, 71, NULL),
(107, 82, NULL),
(107, 93, NULL),
(107, 117, NULL),
(107, 135, NULL),
(107, 152, NULL),
(107, 170, NULL),
(107, 180, NULL),
(107, 183, NULL),
(107, 185, NULL),
(107, 187, NULL),
(107, 228, NULL),
(107, 262, NULL),
(107, 289, NULL),
(107, 302, NULL),
(107, 310, NULL),
(107, 340, NULL),
(107, 366, NULL),
(107, 394, NULL),
(107, 395, NULL),
(107, 399, NULL),
(107, 414, NULL),
(107, 430, NULL),
(107, 439, NULL),
(107, 446, NULL),
(107, 485, NULL),
(107, 492, NULL),
(107, 499, NULL),
(107, 534, NULL),
(107, 535, NULL),
(109, 106, NULL),
(109, 112, NULL),
(109, 158, NULL),
(109, 279, NULL),
(109, 282, NULL),
(109, 287, NULL),
(109, 291, NULL),
(109, 306, NULL),
(109, 316, NULL),
(109, 326, NULL),
(109, 394, NULL),
(109, 436, NULL),
(109, 438, NULL),
(109, 454, NULL),
(109, 476, NULL),
(109, 506, NULL),
(111, 9, NULL),
(111, 45, NULL),
(111, 46, NULL),
(111, 49, NULL),
(111, 50, NULL),
(111, 51, NULL),
(111, 52, NULL),
(111, 53, NULL),
(111, 54, NULL),
(111, 55, NULL),
(111, 56, NULL),
(111, 57, NULL),
(111, 58, NULL),
(111, 59, NULL),
(111, 60, NULL),
(111, 61, NULL),
(114, 131, NULL),
(114, 132, NULL),
(114, 140, NULL),
(114, 149, NULL),
(114, 156, NULL),
(114, 174, NULL),
(114, 178, NULL),
(115, 62, NULL),
(115, 82, NULL),
(115, 105, NULL),
(115, 125, NULL),
(115, 139, NULL),
(115, 151, NULL),
(115, 166, NULL),
(115, 167, NULL),
(115, 169, NULL),
(115, 185, NULL),
(115, 205, NULL),
(115, 215, NULL),
(120, 49, NULL),
(120, 50, NULL),
(120, 51, NULL),
(120, 52, NULL),
(120, 53, NULL),
(120, 54, NULL),
(120, 55, NULL),
(120, 56, NULL),
(120, 57, NULL),
(120, 58, NULL),
(120, 59, NULL),
(120, 60, NULL),
(120, 61, NULL),
(132, 155, NULL),
(132, 159, NULL),
(132, 180, NULL),
(132, 196, NULL),
(132, 202, NULL),
(132, 212, NULL),
(132, 217, NULL),
(132, 435, NULL),
(132, 452, NULL),
(132, 459, NULL),
(132, 480, NULL),
(132, 486, NULL),
(132, 516, NULL),
(132, 521, NULL),
(132, 533, NULL),
(136, 104, NULL),
(136, 110, NULL),
(136, 137, NULL),
(136, 143, NULL),
(136, 145, NULL),
(136, 161, NULL),
(136, 163, NULL),
(136, 186, NULL),
(136, 196, NULL),
(136, 207, NULL),
(136, 396, NULL),
(136, 432, NULL),
(136, 454, NULL),
(136, 460, NULL),
(136, 470, NULL),
(136, 479, NULL),
(136, 492, NULL),
(136, 493, NULL),
(136, 495, NULL),
(136, 529, NULL),
(138, 182, NULL),
(138, 186, NULL),
(138, 187, NULL),
(138, 192, NULL),
(138, 199, NULL),
(138, 210, NULL),
(138, 217, NULL),
(138, 220, NULL),
(138, 389, NULL),
(138, 403, NULL),
(138, 424, NULL),
(138, 451, NULL),
(138, 483, NULL),
(138, 495, NULL),
(138, 513, NULL),
(145, 72, NULL),
(145, 78, NULL),
(145, 79, NULL),
(145, 84, NULL),
(145, 90, NULL),
(145, 98, NULL),
(145, 100, NULL),
(145, 103, NULL),
(145, 109, NULL),
(145, 114, NULL),
(145, 115, NULL),
(145, 119, NULL),
(145, 129, NULL),
(145, 134, NULL),
(145, 136, NULL),
(145, 139, NULL),
(145, 141, NULL),
(145, 142, NULL),
(145, 146, NULL),
(145, 148, NULL),
(145, 150, NULL),
(145, 151, NULL),
(145, 154, NULL),
(145, 155, NULL),
(145, 158, NULL),
(145, 160, NULL),
(145, 165, NULL),
(145, 168, NULL),
(145, 170, NULL),
(145, 174, NULL),
(145, 180, NULL),
(145, 181, NULL),
(145, 185, NULL),
(145, 186, NULL),
(145, 188, NULL),
(145, 195, NULL),
(145, 198, NULL),
(145, 201, NULL),
(145, 203, NULL),
(145, 218, NULL),
(145, 219, NULL),
(145, 220, NULL),
(145, 222, NULL),
(145, 225, NULL),
(145, 227, NULL),
(145, 235, NULL),
(145, 241, NULL),
(145, 243, NULL),
(145, 251, NULL),
(145, 253, NULL),
(145, 256, NULL),
(145, 259, NULL),
(145, 265, NULL),
(145, 268, NULL),
(145, 269, NULL),
(145, 271, NULL),
(145, 273, NULL),
(145, 277, NULL),
(145, 278, NULL),
(145, 280, NULL),
(145, 281, NULL),
(145, 282, NULL),
(145, 289, NULL),
(145, 291, NULL),
(145, 294, NULL),
(145, 297, NULL),
(145, 298, NULL),
(145, 302, NULL),
(145, 303, NULL),
(145, 316, NULL),
(145, 317, NULL),
(145, 320, NULL),
(145, 324, NULL),
(145, 329, NULL),
(145, 341, NULL),
(145, 345, NULL),
(145, 350, NULL),
(145, 352, NULL),
(145, 355, NULL),
(145, 363, NULL),
(145, 364, NULL),
(145, 365, NULL),
(145, 366, NULL),
(145, 374, NULL),
(145, 379, NULL),
(145, 380, NULL),
(145, 388, NULL),
(145, 391, NULL),
(145, 395, NULL),
(145, 402, NULL),
(145, 412, NULL),
(145, 414, NULL),
(145, 425, NULL),
(145, 427, NULL),
(145, 429, NULL),
(145, 430, NULL),
(145, 432, NULL),
(145, 433, NULL),
(145, 434, NULL),
(145, 440, NULL),
(146, 112, NULL),
(146, 114, NULL),
(146, 118, NULL),
(146, 120, NULL),
(146, 124, NULL),
(146, 131, NULL),
(146, 134, NULL),
(146, 135, NULL),
(146, 136, NULL),
(146, 137, NULL),
(146, 138, NULL),
(146, 139, NULL),
(146, 152, NULL),
(146, 158, NULL),
(146, 159, NULL),
(146, 163, NULL),
(146, 164, NULL),
(146, 172, NULL),
(146, 176, NULL),
(146, 180, NULL),
(146, 189, NULL),
(146, 190, NULL),
(146, 200, NULL),
(146, 201, NULL),
(146, 203, NULL),
(146, 204, NULL),
(146, 206, NULL),
(146, 208, NULL),
(146, 212, NULL),
(146, 218, NULL),
(146, 219, NULL),
(146, 225, NULL),
(146, 229, NULL),
(146, 232, NULL),
(146, 240, NULL),
(146, 246, NULL),
(146, 251, NULL),
(146, 254, NULL),
(146, 258, NULL),
(146, 259, NULL),
(146, 261, NULL),
(146, 262, NULL),
(146, 265, NULL),
(146, 269, NULL),
(146, 274, NULL),
(146, 276, NULL),
(146, 277, NULL),
(146, 285, NULL),
(146, 288, NULL),
(146, 289, NULL),
(146, 292, NULL),
(146, 296, NULL),
(146, 298, NULL),
(146, 300, NULL),
(146, 304, NULL),
(146, 307, NULL),
(146, 317, NULL),
(146, 325, NULL),
(146, 327, NULL),
(146, 330, NULL),
(146, 331, NULL),
(146, 346, NULL),
(146, 353, NULL),
(146, 357, NULL),
(146, 365, NULL),
(146, 366, NULL),
(146, 369, NULL),
(146, 371, NULL),
(146, 374, NULL),
(146, 381, NULL),
(146, 385, NULL),
(146, 394, NULL),
(146, 404, NULL),
(146, 405, NULL),
(146, 406, NULL),
(146, 409, NULL),
(146, 411, NULL),
(146, 415, NULL),
(146, 416, NULL),
(146, 418, NULL),
(146, 419, NULL),
(146, 421, NULL),
(146, 424, NULL),
(146, 430, NULL),
(146, 433, NULL),
(146, 434, NULL),
(146, 435, NULL),
(146, 440, NULL),
(148, 112, NULL),
(148, 116, NULL),
(148, 118, NULL),
(148, 122, NULL),
(148, 124, NULL),
(148, 130, NULL),
(148, 131, NULL),
(148, 136, NULL),
(148, 137, NULL),
(148, 142, NULL),
(148, 143, NULL),
(148, 145, NULL),
(148, 147, NULL),
(148, 149, NULL),
(148, 150, NULL),
(148, 156, NULL),
(148, 160, NULL),
(148, 162, NULL),
(148, 166, NULL),
(148, 170, NULL),
(148, 173, NULL),
(148, 175, NULL),
(148, 179, NULL),
(148, 182, NULL),
(148, 186, NULL),
(148, 193, NULL),
(148, 194, NULL),
(148, 199, NULL),
(148, 204, NULL),
(148, 206, NULL),
(148, 208, NULL),
(148, 209, NULL),
(148, 212, NULL),
(148, 216, NULL),
(148, 217, NULL),
(148, 221, NULL),
(148, 222, NULL),
(148, 223, NULL),
(148, 232, NULL),
(148, 233, NULL),
(148, 236, NULL),
(148, 239, NULL),
(148, 243, NULL),
(148, 245, NULL),
(148, 247, NULL),
(148, 252, NULL),
(148, 257, NULL),
(148, 264, NULL),
(148, 265, NULL),
(148, 277, NULL),
(148, 279, NULL),
(148, 282, NULL),
(148, 285, NULL),
(148, 286, NULL),
(148, 288, NULL),
(148, 291, NULL),
(148, 292, NULL),
(148, 303, NULL),
(148, 309, NULL),
(148, 312, NULL),
(148, 317, NULL),
(148, 318, NULL),
(148, 319, NULL),
(148, 323, NULL),
(148, 336, NULL),
(148, 338, NULL),
(148, 341, NULL),
(148, 342, NULL),
(148, 350, NULL),
(148, 356, NULL),
(148, 358, NULL),
(148, 365, NULL),
(148, 381, NULL),
(148, 384, NULL),
(148, 392, NULL),
(148, 394, NULL),
(148, 395, NULL),
(148, 396, NULL),
(148, 403, NULL),
(148, 412, NULL),
(148, 415, NULL),
(148, 418, NULL),
(148, 422, NULL),
(148, 424, NULL),
(148, 426, NULL),
(148, 427, NULL),
(148, 428, NULL),
(148, 430, NULL),
(148, 431, NULL),
(148, 436, NULL),
(149, 96, NULL),
(149, 101, NULL),
(149, 102, NULL),
(149, 103, NULL),
(149, 104, NULL),
(149, 108, NULL),
(149, 110, NULL),
(149, 112, NULL),
(149, 115, NULL),
(149, 117, NULL),
(149, 130, NULL),
(149, 132, NULL),
(149, 134, NULL),
(149, 137, NULL),
(149, 141, NULL),
(149, 142, NULL),
(149, 144, NULL),
(149, 145, NULL),
(149, 147, NULL),
(149, 156, NULL),
(149, 157, NULL),
(149, 158, NULL),
(149, 160, NULL),
(149, 163, NULL),
(149, 170, NULL),
(149, 172, NULL),
(149, 180, NULL),
(149, 182, NULL),
(149, 184, NULL),
(149, 187, NULL),
(149, 199, NULL),
(149, 202, NULL),
(149, 204, NULL),
(149, 207, NULL),
(149, 212, NULL),
(149, 214, NULL),
(149, 217, NULL),
(149, 218, NULL),
(149, 219, NULL),
(149, 236, NULL),
(149, 244, NULL),
(149, 245, NULL),
(149, 248, NULL),
(149, 261, NULL),
(149, 264, NULL),
(149, 267, NULL),
(149, 275, NULL),
(149, 276, NULL),
(149, 280, NULL),
(149, 281, NULL),
(149, 300, NULL),
(149, 305, NULL),
(149, 313, NULL),
(149, 315, NULL),
(149, 321, NULL),
(149, 323, NULL),
(149, 332, NULL),
(149, 334, NULL),
(149, 347, NULL),
(149, 351, NULL),
(149, 355, NULL),
(149, 358, NULL),
(149, 364, NULL),
(149, 365, NULL),
(149, 374, NULL),
(149, 375, NULL),
(149, 382, NULL),
(149, 383, NULL),
(149, 384, NULL),
(149, 391, NULL),
(149, 392, NULL),
(149, 393, NULL),
(149, 394, NULL),
(149, 395, NULL),
(149, 399, NULL),
(149, 401, NULL),
(149, 406, NULL),
(149, 408, NULL),
(149, 411, NULL),
(149, 416, NULL),
(149, 424, NULL),
(149, 426, NULL),
(149, 427, NULL),
(149, 430, NULL),
(149, 433, NULL),
(149, 435, NULL),
(149, 436, NULL),
(149, 437, NULL),
(149, 438, NULL),
(149, 439, NULL),
(150, 62, NULL),
(150, 66, NULL),
(150, 72, NULL),
(150, 74, NULL),
(150, 77, NULL),
(150, 78, NULL),
(150, 79, NULL),
(150, 81, NULL),
(150, 83, NULL),
(150, 84, NULL),
(150, 86, NULL),
(150, 89, NULL),
(150, 90, NULL),
(150, 91, NULL),
(150, 92, NULL),
(150, 101, NULL),
(150, 102, NULL),
(150, 104, NULL),
(150, 113, NULL),
(150, 130, NULL),
(150, 133, NULL),
(150, 134, NULL),
(150, 139, NULL),
(150, 140, NULL),
(150, 148, NULL),
(150, 153, NULL),
(150, 160, NULL),
(150, 166, NULL),
(150, 167, NULL),
(150, 170, NULL),
(150, 181, NULL),
(150, 184, NULL),
(150, 185, NULL),
(150, 186, NULL),
(150, 189, NULL),
(150, 191, NULL),
(150, 192, NULL),
(150, 195, NULL),
(150, 200, NULL),
(150, 205, NULL),
(150, 207, NULL),
(150, 209, NULL),
(150, 215, NULL),
(150, 219, NULL),
(150, 224, NULL),
(150, 230, NULL),
(150, 244, NULL),
(150, 245, NULL),
(150, 247, NULL),
(150, 251, NULL),
(150, 253, NULL),
(150, 257, NULL),
(150, 259, NULL),
(150, 266, NULL),
(150, 273, NULL),
(150, 276, NULL),
(150, 282, NULL),
(150, 283, NULL),
(150, 292, NULL),
(150, 298, NULL),
(150, 302, NULL),
(150, 305, NULL),
(150, 310, NULL),
(150, 311, NULL),
(150, 315, NULL),
(150, 322, NULL),
(150, 323, NULL),
(150, 327, NULL),
(150, 329, NULL),
(150, 340, NULL),
(150, 341, NULL),
(150, 346, NULL),
(150, 347, NULL),
(150, 348, NULL),
(150, 361, NULL),
(150, 363, NULL),
(150, 365, NULL),
(150, 366, NULL),
(150, 369, NULL),
(150, 373, NULL),
(150, 374, NULL),
(150, 381, NULL),
(150, 390, NULL),
(150, 392, NULL),
(150, 396, NULL),
(150, 397, NULL),
(150, 400, NULL),
(150, 403, NULL),
(150, 405, NULL),
(150, 408, NULL),
(150, 410, NULL),
(150, 418, NULL),
(150, 423, NULL),
(150, 427, NULL),
(150, 428, NULL),
(150, 432, NULL),
(150, 435, NULL),
(150, 436, NULL),
(150, 439, NULL),
(150, 440, NULL),
(19, 1, 1),
(29, 1, 2),
(16, 1, 3),
(40, 1, 3),
(35, 2, 6),
(40, 2, 6),
(41, 2, 6),
(16, 3, 9),
(30, 3, 9),
(70, 3, 12),
(32, 4, 13),
(16, 4, 15),
(29, 4, 15),
(15, 4, 16),
(16, 5, 17),
(35, 5, 18),
(15, 5, 20),
(43, 6, 21),
(29, 6, 22),
(30, 6, 24),
(70, 6, 24),
(19, 7, 26),
(15, 7, 28),
(19, 8, 30),
(29, 8, 30),
(30, 8, 30),
(40, 8, 30),
(70, 8, 30),
(120, 9, 33),
(32, 9, 34),
(40, 9, 34),
(70, 9, 34),
(16, 10, 37),
(35, 10, 37),
(30, 10, 39),
(41, 10, 39),
(70, 11, 42),
(19, 12, 47),
(40, 12, 48),
(41, 12, 48),
(43, 13, 50),
(41, 13, 51),
(70, 13, 52),
(19, 14, 53),
(35, 14, 54),
(29, 14, 55),
(32, 15, 60),
(16, 16, 62),
(29, 16, 63),
(30, 17, 65),
(32, 17, 65),
(29, 17, 66),
(70, 17, 67),
(16, 18, 69),
(35, 18, 69),
(70, 18, 69),
(19, 18, 71),
(43, 18, 71),
(30, 18, 72),
(30, 20, 77),
(43, 20, 78),
(29, 20, 79),
(32, 20, 79),
(41, 20, 79),
(15, 20, 80),
(29, 21, 83),
(32, 21, 84),
(41, 21, 84),
(19, 22, 86),
(30, 22, 87),
(35, 22, 87),
(70, 22, 87),
(15, 22, 88),
(43, 23, 90),
(35, 24, 95),
(32, 26, 103),
(70, 26, 103),
(16, 26, 104),
(16, 27, 105),
(32, 27, 105),
(40, 27, 105),
(43, 27, 106),
(35, 27, 107),
(32, 28, 112),
(40, 28, 112),
(16, 29, 114),
(32, 30, 119),
(15, 30, 120),
(29, 30, 120),
(16, 31, 122),
(41, 31, 123),
(16, 32, 126),
(15, 32, 128),
(19, 32, 128),
(29, 32, 128),
(19, 33, 130),
(35, 33, 130),
(70, 33, 130),
(19, 34, 136),
(41, 34, 136),
(20, 35, 137),
(22, 35, 137),
(23, 35, 137),
(24, 35, 137),
(26, 35, 137),
(30, 35, 137),
(35, 35, 137),
(15, 35, 140),
(25, 35, 140),
(35, 36, 141),
(29, 36, 142),
(43, 36, 143),
(30, 36, 144),
(30, 37, 145),
(35, 37, 145),
(40, 37, 145),
(41, 38, 149),
(70, 38, 149),
(29, 40, 157),
(19, 40, 158),
(32, 40, 159),
(15, 40, 160),
(35, 40, 160),
(20, 42, 165),
(22, 42, 165),
(24, 42, 165),
(26, 42, 165),
(41, 42, 165),
(43, 42, 166),
(23, 42, 167),
(25, 42, 167),
(40, 42, 167),
(20, 43, 169),
(23, 43, 169),
(24, 43, 169),
(25, 43, 169),
(40, 43, 169),
(41, 43, 169),
(70, 43, 169),
(22, 43, 170),
(26, 43, 170),
(20, 44, 173),
(23, 44, 174),
(25, 44, 175),
(16, 44, 176),
(22, 44, 176),
(24, 44, 176),
(26, 44, 176),
(41, 44, 176),
(16, 45, 177),
(20, 45, 177),
(22, 45, 177),
(26, 45, 177),
(24, 45, 178),
(30, 45, 178),
(19, 45, 179),
(25, 45, 179),
(120, 45, 179),
(15, 45, 180),
(23, 45, 180),
(20, 46, 181),
(23, 46, 181),
(22, 46, 182),
(24, 46, 182),
(25, 46, 182),
(15, 48, 185),
(30, 48, 186),
(32, 48, 186),
(40, 48, 186),
(41, 48, 186),
(40, 49, 189),
(41, 49, 189),
(20, 50, 191),
(22, 50, 191),
(23, 50, 191),
(24, 50, 191),
(43, 50, 192),
(25, 50, 193),
(26, 50, 194),
(32, 50, 194),
(40, 51, 195),
(19, 51, 197),
(20, 52, 199),
(23, 52, 199),
(22, 52, 201),
(24, 52, 201),
(25, 52, 201),
(29, 52, 201),
(15, 52, 202),
(20, 54, 207),
(23, 54, 207),
(22, 54, 209),
(24, 54, 209),
(25, 54, 209),
(26, 54, 210),
(32, 54, 210),
(70, 54, 210),
(20, 55, 211),
(23, 55, 211),
(35, 55, 211),
(26, 55, 212),
(22, 55, 213),
(24, 55, 213),
(25, 55, 213),
(20, 56, 215),
(23, 56, 215),
(22, 56, 217),
(24, 56, 217),
(25, 56, 217),
(42, 56, 218),
(43, 57, 220),
(30, 57, 221),
(35, 57, 221),
(70, 57, 221),
(29, 57, 222),
(20, 58, 223),
(23, 58, 223),
(22, 58, 225),
(24, 58, 225),
(25, 58, 225),
(32, 58, 226),
(40, 58, 226),
(43, 58, 226),
(20, 59, 227),
(23, 59, 227),
(16, 59, 228),
(22, 59, 229),
(24, 59, 229),
(25, 59, 229),
(19, 59, 230),
(41, 59, 230),
(20, 60, 231),
(43, 60, 231),
(23, 60, 232),
(26, 60, 232),
(30, 60, 232),
(22, 60, 233),
(24, 60, 233),
(25, 60, 233),
(40, 60, 233),
(15, 60, 234),
(20, 61, 235),
(22, 61, 237),
(23, 61, 237),
(24, 61, 237),
(25, 61, 237),
(26, 61, 237),
(43, 61, 237),
(19, 61, 238),
(43, 46, 239),
(120, 46, 239),
(43, 53, 244),
(125, 62, 245),
(89, 489, 247),
(90, 238, 247),
(118, 62, 247),
(88, 444, 248),
(94, 62, 248),
(98, 62, 248),
(146, 62, 248),
(108, 63, 249),
(147, 63, 249),
(104, 63, 251),
(98, 64, 253),
(55, 64, 254),
(103, 64, 254),
(104, 64, 254),
(97, 64, 255),
(117, 64, 256),
(118, 65, 258),
(74, 65, 259),
(99, 65, 260),
(146, 65, 260),
(100, 66, 264),
(110, 67, 265),
(125, 67, 265),
(48, 67, 266),
(93, 68, 269),
(148, 68, 269),
(92, 68, 271),
(95, 68, 271),
(97, 68, 271),
(64, 68, 272),
(101, 69, 274),
(148, 69, 275),
(49, 69, 276),
(117, 69, 276),
(147, 69, 276),
(148, 70, 277),
(119, 70, 280),
(149, 71, 281),
(148, 71, 282),
(118, 71, 283),
(103, 71, 284),
(114, 71, 284),
(146, 71, 284),
(101, 72, 285),
(125, 72, 285),
(143, 72, 285),
(147, 72, 285),
(96, 72, 287),
(142, 73, 289),
(119, 73, 291),
(149, 73, 291),
(91, 73, 292),
(148, 73, 292),
(117, 74, 293),
(143, 74, 293),
(149, 74, 293),
(110, 74, 296),
(148, 75, 298),
(56, 75, 300),
(119, 75, 300),
(101, 76, 301),
(142, 76, 301),
(143, 76, 301),
(103, 76, 303),
(119, 76, 303),
(118, 76, 304),
(125, 76, 304),
(117, 77, 306),
(118, 77, 306),
(92, 77, 308),
(97, 77, 308),
(119, 77, 308),
(146, 77, 308),
(59, 78, 309),
(118, 78, 311),
(117, 78, 312),
(96, 79, 313),
(66, 79, 314),
(115, 79, 315),
(117, 79, 316),
(84, 70, 317),
(52, 80, 318),
(147, 80, 318),
(149, 80, 318),
(101, 80, 320),
(146, 80, 320),
(85, 81, 321),
(147, 81, 321),
(87, 134, 322),
(148, 81, 322),
(149, 81, 322),
(96, 81, 323),
(97, 81, 324),
(93, 82, 325),
(143, 82, 325),
(99, 82, 326),
(56, 82, 327),
(103, 82, 327),
(125, 82, 327),
(109, 82, 328),
(118, 83, 331),
(97, 83, 332),
(99, 83, 332),
(146, 83, 332),
(87, 110, 333),
(96, 84, 333),
(119, 84, 333),
(85, 84, 334),
(125, 84, 336),
(84, 135, 337),
(57, 85, 338),
(117, 85, 338),
(66, 85, 339),
(114, 85, 339),
(115, 85, 340),
(55, 86, 341),
(142, 86, 341),
(64, 86, 342),
(98, 86, 342),
(115, 86, 342),
(99, 86, 343),
(117, 86, 344),
(146, 86, 344),
(149, 86, 344),
(142, 87, 345),
(143, 87, 345),
(147, 87, 347),
(148, 87, 348),
(54, 88, 349),
(63, 88, 349),
(143, 88, 349),
(52, 88, 350),
(119, 88, 350),
(148, 88, 351),
(95, 89, 353),
(112, 89, 353),
(99, 89, 354),
(146, 89, 356),
(45, 90, 357),
(142, 90, 357),
(143, 90, 357),
(102, 90, 358),
(48, 90, 359),
(108, 90, 359),
(114, 90, 360),
(119, 91, 362),
(85, 92, 365),
(87, 127, 365),
(95, 92, 365),
(119, 92, 365),
(143, 92, 365),
(149, 92, 365),
(118, 92, 367),
(147, 92, 368),
(148, 92, 368),
(100, 93, 369),
(96, 93, 370),
(149, 93, 371),
(146, 93, 372),
(97, 94, 373),
(114, 94, 374),
(147, 94, 374),
(149, 94, 374),
(85, 95, 379),
(87, 218, 380),
(149, 95, 380),
(142, 96, 381),
(92, 96, 383),
(93, 96, 384),
(100, 96, 384),
(103, 96, 384),
(146, 96, 384),
(50, 97, 385),
(85, 97, 385),
(94, 97, 385),
(87, 207, 386),
(95, 97, 386),
(110, 97, 387),
(45, 97, 388),
(55, 97, 388),
(146, 97, 388),
(66, 98, 389),
(97, 98, 389),
(57, 98, 390),
(103, 98, 390),
(115, 98, 391),
(119, 98, 392),
(99, 99, 393),
(56, 99, 394),
(49, 99, 395),
(52, 99, 395),
(117, 99, 395),
(102, 100, 397),
(142, 100, 397),
(90, 226, 398),
(98, 100, 398),
(103, 100, 399),
(88, 73, 400),
(89, 522, 400),
(100, 100, 400),
(119, 100, 400),
(142, 101, 401),
(93, 101, 402),
(97, 101, 402),
(115, 101, 402),
(51, 101, 404),
(118, 101, 404),
(142, 102, 405),
(56, 102, 406),
(118, 102, 408),
(66, 103, 409),
(117, 103, 409),
(125, 103, 409),
(142, 103, 409),
(116, 103, 410),
(93, 103, 411),
(99, 103, 411),
(99, 104, 413),
(103, 104, 415),
(131, 104, 415),
(139, 104, 416),
(48, 105, 417),
(84, 78, 417),
(94, 105, 417),
(95, 105, 417),
(118, 105, 417),
(119, 105, 417),
(125, 105, 417),
(132, 105, 417),
(134, 105, 417),
(152, 105, 417),
(117, 106, 419),
(71, 106, 420),
(116, 106, 420),
(56, 106, 422),
(91, 106, 422),
(101, 106, 422),
(63, 107, 423),
(100, 107, 423),
(99, 107, 426),
(147, 108, 427),
(125, 108, 428),
(132, 108, 428),
(56, 108, 429),
(71, 108, 429),
(98, 108, 429),
(108, 109, 431),
(125, 109, 431),
(137, 109, 431),
(143, 109, 431),
(118, 109, 433),
(114, 109, 434),
(116, 109, 434),
(146, 109, 434),
(94, 110, 435),
(115, 110, 435),
(49, 110, 436),
(142, 110, 436),
(99, 110, 437),
(92, 111, 440),
(142, 111, 440),
(147, 111, 440),
(114, 111, 441),
(129, 111, 442),
(117, 112, 443),
(127, 112, 443),
(87, 179, 444),
(130, 112, 444),
(85, 112, 446),
(108, 113, 448),
(134, 113, 448),
(94, 113, 449),
(119, 113, 449),
(141, 113, 449),
(84, 209, 451),
(117, 114, 451),
(143, 114, 451),
(101, 114, 453),
(125, 114, 453),
(138, 114, 454),
(110, 115, 455),
(116, 115, 455),
(52, 115, 456),
(74, 115, 457),
(118, 115, 457),
(147, 115, 457),
(143, 116, 459),
(142, 116, 460),
(117, 116, 461),
(85, 117, 463),
(94, 117, 465),
(125, 117, 466),
(137, 117, 466),
(125, 118, 467),
(100, 118, 468),
(94, 118, 469),
(95, 118, 469),
(50, 119, 471),
(84, 188, 471),
(137, 119, 471),
(48, 119, 472),
(93, 119, 472),
(98, 119, 472),
(119, 119, 472),
(66, 119, 473),
(100, 119, 473),
(114, 119, 473),
(128, 119, 473),
(92, 119, 474),
(127, 120, 475),
(92, 120, 476),
(147, 120, 476),
(96, 120, 477),
(102, 120, 477),
(118, 120, 478),
(125, 120, 478),
(64, 121, 480),
(118, 121, 480),
(125, 121, 481),
(56, 122, 483),
(53, 122, 484),
(100, 122, 484),
(50, 122, 485),
(117, 122, 485),
(102, 122, 486),
(118, 122, 486),
(110, 123, 487),
(102, 123, 488),
(125, 123, 488),
(84, 85, 489),
(91, 123, 489),
(95, 123, 489),
(96, 123, 489),
(114, 123, 489),
(141, 124, 491),
(143, 124, 491),
(110, 124, 492),
(142, 124, 492),
(95, 124, 493),
(99, 125, 495),
(147, 125, 496),
(63, 125, 497),
(152, 125, 497),
(92, 126, 499),
(135, 126, 499),
(143, 126, 499),
(110, 126, 501),
(135, 127, 503),
(93, 127, 506),
(118, 128, 507),
(130, 128, 507),
(66, 128, 508),
(96, 128, 509),
(125, 128, 509),
(128, 128, 509),
(147, 128, 509),
(129, 128, 510),
(48, 129, 511),
(91, 129, 511),
(97, 129, 511),
(50, 129, 512),
(53, 129, 512),
(117, 129, 512),
(118, 129, 512),
(142, 129, 512),
(147, 129, 512),
(119, 129, 513),
(55, 129, 514),
(96, 130, 515),
(125, 130, 515),
(133, 130, 515),
(143, 130, 515),
(117, 130, 517),
(117, 131, 520),
(112, 131, 521),
(132, 131, 521),
(118, 131, 522),
(140, 131, 522),
(64, 132, 523),
(84, 147, 523),
(133, 132, 523),
(45, 132, 524),
(125, 132, 524),
(102, 132, 525),
(132, 132, 525),
(139, 132, 525),
(101, 132, 526),
(49, 133, 527),
(94, 133, 527),
(66, 133, 528),
(98, 133, 528),
(102, 133, 528),
(100, 133, 529),
(117, 133, 529),
(138, 133, 529),
(99, 133, 530),
(94, 134, 531),
(108, 134, 531),
(118, 134, 531),
(57, 134, 532),
(142, 134, 533),
(50, 134, 534),
(102, 134, 534),
(147, 134, 534),
(45, 135, 535),
(95, 135, 535),
(96, 135, 535),
(92, 135, 536),
(54, 135, 538),
(125, 135, 538),
(147, 135, 538),
(85, 136, 539),
(87, 208, 539),
(118, 136, 539),
(141, 136, 539),
(147, 136, 539),
(100, 136, 540),
(140, 136, 540),
(129, 136, 542),
(85, 137, 544),
(87, 212, 544),
(96, 137, 544),
(117, 137, 544),
(119, 137, 544),
(142, 137, 545),
(56, 137, 546),
(138, 137, 546),
(101, 138, 547),
(118, 138, 548),
(117, 138, 550),
(129, 138, 550),
(125, 139, 551),
(96, 139, 552),
(99, 139, 552),
(147, 140, 555),
(102, 140, 556),
(116, 140, 556),
(142, 140, 557),
(152, 140, 557),
(143, 141, 559),
(63, 141, 560),
(147, 141, 561),
(91, 141, 562),
(94, 142, 563),
(117, 142, 565),
(128, 142, 565),
(142, 142, 565),
(108, 142, 566),
(125, 142, 566),
(122, 143, 567),
(63, 143, 568),
(119, 143, 568),
(123, 143, 570),
(125, 143, 570),
(130, 144, 571),
(141, 144, 571),
(152, 144, 571),
(119, 144, 572),
(126, 144, 572),
(118, 144, 573),
(128, 144, 573),
(137, 144, 573),
(94, 145, 575),
(95, 145, 575),
(130, 145, 575),
(133, 145, 575),
(147, 145, 575),
(119, 145, 577),
(140, 145, 578),
(50, 146, 579),
(94, 146, 579),
(152, 146, 579),
(125, 146, 580),
(48, 146, 581),
(93, 146, 581),
(119, 146, 581),
(126, 146, 581),
(142, 146, 581),
(74, 146, 582),
(84, 105, 583),
(88, 282, 583),
(92, 147, 583),
(142, 147, 583),
(152, 147, 583),
(89, 225, 584),
(90, 512, 584),
(101, 147, 584),
(91, 147, 585),
(118, 147, 586),
(132, 147, 586),
(56, 148, 587),
(85, 148, 587),
(87, 172, 587),
(95, 148, 587),
(122, 148, 587),
(147, 148, 587),
(152, 148, 587),
(97, 148, 589),
(118, 148, 589),
(138, 148, 589),
(92, 148, 590),
(101, 148, 590),
(123, 148, 590),
(45, 149, 591),
(48, 149, 591),
(84, 207, 591),
(93, 149, 591),
(97, 149, 591),
(119, 149, 592),
(147, 149, 592),
(117, 149, 594),
(59, 150, 595),
(87, 95, 595),
(116, 150, 595),
(124, 150, 596),
(85, 150, 598),
(140, 151, 599),
(124, 151, 600),
(93, 151, 601),
(138, 151, 601),
(117, 151, 602),
(123, 151, 602),
(92, 152, 603),
(116, 152, 603),
(143, 152, 603),
(119, 152, 604),
(152, 152, 604),
(93, 152, 606),
(45, 153, 607),
(63, 153, 607),
(84, 168, 607),
(85, 153, 607),
(87, 81, 607),
(94, 153, 607),
(133, 153, 607),
(142, 153, 607),
(98, 153, 608),
(124, 153, 608),
(137, 153, 609),
(84, 146, 611),
(143, 154, 611),
(128, 154, 613),
(98, 154, 614),
(121, 155, 615),
(135, 155, 615),
(142, 155, 615),
(116, 156, 619),
(143, 156, 619),
(92, 156, 620),
(74, 156, 621),
(147, 156, 621),
(98, 157, 623),
(101, 157, 623),
(142, 157, 623),
(51, 157, 624),
(95, 157, 624),
(96, 157, 624),
(99, 157, 624),
(116, 157, 626),
(122, 158, 627),
(135, 158, 627),
(142, 158, 627),
(92, 158, 628),
(94, 158, 628),
(96, 158, 628),
(147, 158, 628),
(98, 158, 630),
(123, 158, 630),
(102, 159, 631),
(142, 159, 631),
(118, 159, 632),
(119, 159, 632),
(97, 159, 633),
(125, 159, 633),
(122, 160, 635),
(143, 160, 635),
(125, 160, 636),
(118, 160, 637),
(126, 160, 637),
(147, 160, 637),
(152, 160, 637),
(94, 161, 639),
(147, 161, 639),
(117, 161, 641),
(112, 161, 642),
(123, 161, 642),
(85, 162, 643),
(87, 69, 643),
(93, 162, 643),
(122, 162, 643),
(59, 162, 646),
(91, 162, 646),
(123, 162, 646),
(119, 163, 647),
(135, 163, 647),
(142, 163, 647),
(100, 163, 648),
(48, 164, 651),
(92, 164, 651),
(109, 164, 651),
(122, 164, 651),
(142, 164, 651),
(53, 164, 652),
(101, 164, 653),
(93, 164, 654),
(59, 165, 655),
(125, 165, 655),
(119, 165, 656),
(101, 165, 657),
(117, 165, 657),
(109, 165, 658),
(96, 166, 659),
(121, 166, 659),
(142, 166, 659),
(143, 166, 659),
(124, 166, 660),
(100, 166, 661),
(102, 166, 661),
(121, 167, 663),
(122, 167, 663),
(135, 167, 663),
(97, 167, 664),
(119, 167, 665),
(126, 167, 665),
(95, 168, 667),
(108, 168, 667),
(143, 168, 667),
(54, 168, 668),
(128, 168, 669),
(137, 168, 670),
(63, 169, 671),
(74, 169, 671),
(121, 169, 671),
(66, 169, 672),
(92, 169, 672),
(140, 169, 673),
(93, 169, 674),
(99, 169, 674),
(108, 170, 675),
(135, 170, 675),
(142, 170, 675),
(93, 170, 676),
(118, 170, 676),
(147, 170, 676),
(101, 170, 678),
(123, 170, 678),
(127, 171, 679),
(124, 171, 680),
(109, 171, 681),
(117, 171, 681),
(126, 171, 681),
(100, 171, 682),
(119, 171, 682),
(123, 171, 682),
(104, 172, 684),
(124, 172, 684),
(97, 172, 685),
(126, 172, 685),
(92, 172, 686),
(93, 172, 686),
(122, 173, 687),
(124, 173, 688),
(99, 173, 690),
(121, 174, 691),
(126, 174, 691),
(133, 174, 691),
(124, 174, 692),
(130, 174, 692),
(147, 174, 692),
(139, 174, 693),
(123, 174, 694),
(59, 175, 695),
(131, 175, 695),
(152, 175, 695),
(142, 175, 696),
(117, 175, 697),
(101, 175, 698),
(84, 118, 699),
(88, 239, 699),
(94, 176, 699),
(119, 176, 699),
(127, 176, 699),
(130, 176, 699),
(89, 192, 700),
(90, 369, 700),
(99, 176, 700),
(117, 176, 700),
(98, 176, 701),
(103, 176, 701),
(125, 176, 701),
(102, 176, 702),
(85, 177, 703),
(87, 91, 703),
(121, 177, 703),
(122, 177, 703),
(137, 177, 703),
(116, 177, 704),
(126, 177, 704),
(103, 177, 705),
(125, 177, 705),
(147, 177, 705),
(93, 178, 707),
(121, 178, 707),
(98, 178, 708),
(124, 178, 708),
(108, 178, 709),
(84, 97, 710),
(119, 178, 710),
(91, 179, 711),
(119, 179, 711),
(51, 179, 712),
(100, 179, 712),
(142, 179, 712),
(95, 179, 713),
(118, 179, 713),
(98, 179, 714),
(123, 179, 714),
(122, 180, 715),
(137, 180, 715),
(147, 180, 715),
(124, 180, 716),
(88, 247, 717),
(89, 432, 717),
(90, 442, 717),
(102, 181, 719),
(117, 181, 719),
(121, 181, 719),
(127, 181, 719),
(137, 181, 719),
(143, 181, 719),
(98, 181, 720),
(118, 181, 720),
(126, 181, 721),
(152, 181, 722),
(112, 182, 723),
(121, 182, 723),
(126, 182, 724),
(97, 182, 725),
(125, 182, 725),
(84, 136, 726),
(121, 183, 727),
(147, 183, 727),
(101, 183, 728),
(127, 184, 731),
(93, 184, 732),
(99, 184, 732),
(142, 184, 732),
(66, 184, 733),
(92, 184, 733),
(96, 184, 734),
(152, 184, 734),
(140, 185, 735),
(49, 185, 736),
(85, 185, 736),
(87, 142, 736),
(97, 185, 736),
(103, 185, 736),
(57, 186, 739),
(143, 186, 739),
(142, 186, 740),
(84, 149, 742),
(131, 186, 742),
(134, 186, 742),
(85, 187, 743),
(96, 187, 743),
(110, 187, 743),
(116, 187, 743),
(143, 187, 743),
(101, 187, 745),
(85, 188, 747),
(87, 168, 747),
(137, 188, 747),
(142, 188, 748),
(140, 188, 749),
(110, 188, 750),
(129, 188, 750),
(109, 189, 751),
(143, 189, 751),
(142, 189, 752),
(84, 208, 755),
(147, 190, 755),
(100, 190, 756),
(139, 190, 756),
(110, 190, 757),
(94, 191, 759),
(98, 191, 759),
(127, 191, 759),
(142, 191, 760),
(93, 191, 762),
(130, 192, 764),
(142, 192, 764),
(99, 192, 766),
(92, 193, 768),
(142, 193, 768),
(128, 193, 769),
(49, 194, 772),
(52, 194, 772),
(94, 194, 772),
(95, 194, 772),
(101, 194, 772),
(147, 194, 772),
(100, 194, 773),
(131, 194, 774),
(91, 195, 776),
(131, 195, 776),
(116, 195, 778),
(102, 196, 779),
(143, 196, 779),
(51, 196, 782),
(92, 197, 783),
(127, 197, 783),
(131, 197, 783),
(143, 197, 783),
(94, 197, 784),
(55, 197, 785),
(84, 169, 785),
(102, 197, 785),
(103, 197, 785),
(52, 198, 788),
(97, 198, 789),
(147, 198, 789),
(127, 199, 791),
(128, 199, 793),
(130, 199, 794),
(141, 200, 795),
(143, 200, 795),
(64, 200, 796),
(48, 200, 797),
(91, 200, 797),
(84, 79, 799),
(100, 201, 799),
(142, 201, 800),
(48, 201, 802),
(55, 201, 802),
(102, 201, 802),
(109, 202, 803),
(100, 202, 804),
(103, 202, 804),
(152, 202, 804),
(137, 202, 806),
(141, 203, 807),
(59, 203, 808),
(147, 203, 808),
(94, 204, 811),
(103, 204, 811),
(95, 204, 812),
(85, 204, 813),
(147, 204, 813),
(64, 205, 815),
(142, 205, 815),
(143, 205, 815),
(57, 205, 816),
(128, 205, 817),
(96, 205, 818),
(102, 205, 818),
(147, 206, 819),
(97, 206, 821),
(99, 206, 821),
(115, 206, 821),
(57, 206, 822),
(84, 115, 822),
(96, 206, 822),
(134, 206, 822),
(98, 207, 823),
(143, 207, 823),
(147, 207, 824),
(95, 207, 825),
(103, 207, 825),
(55, 207, 826),
(95, 208, 827),
(112, 208, 829),
(128, 208, 829),
(147, 208, 829),
(59, 209, 831),
(85, 209, 831),
(87, 176, 831),
(96, 209, 831),
(108, 209, 833),
(141, 209, 834),
(133, 210, 835),
(143, 210, 835),
(147, 210, 836),
(128, 210, 837),
(98, 210, 838),
(152, 211, 839),
(98, 211, 840),
(142, 212, 843),
(102, 212, 845),
(116, 212, 845),
(95, 212, 846),
(98, 212, 846),
(64, 213, 847),
(131, 213, 847),
(142, 213, 847),
(143, 213, 847),
(108, 213, 850),
(142, 214, 851),
(147, 214, 852),
(112, 214, 853),
(97, 214, 854),
(127, 215, 855),
(142, 215, 855),
(143, 215, 855),
(55, 215, 856),
(57, 215, 856),
(101, 215, 856),
(103, 215, 856),
(147, 215, 856),
(143, 216, 859),
(84, 217, 860),
(92, 216, 860),
(102, 216, 860),
(130, 216, 860),
(141, 216, 860),
(50, 216, 861),
(100, 216, 861),
(142, 216, 861),
(95, 217, 863),
(143, 217, 863),
(142, 217, 865),
(91, 218, 867),
(85, 218, 868),
(45, 218, 870),
(87, 93, 870),
(97, 218, 870),
(102, 218, 870),
(103, 218, 870),
(50, 219, 871),
(101, 219, 871),
(134, 219, 871),
(147, 219, 871),
(93, 219, 872),
(115, 219, 872),
(66, 220, 875),
(100, 220, 875),
(103, 220, 875),
(133, 220, 875),
(143, 220, 875),
(147, 221, 880),
(143, 223, 887),
(142, 223, 889),
(143, 225, 895),
(52, 226, 899),
(55, 226, 899),
(116, 228, 908),
(147, 228, 908),
(112, 228, 909),
(142, 228, 909),
(57, 232, 924),
(66, 234, 933),
(51, 235, 935),
(54, 235, 935),
(56, 235, 935),
(64, 235, 935),
(74, 235, 935),
(143, 235, 935),
(88, 288, 936),
(89, 249, 936),
(90, 254, 936),
(142, 235, 937),
(45, 236, 939),
(147, 236, 940),
(143, 237, 943),
(55, 237, 944),
(50, 238, 948),
(55, 238, 950),
(147, 239, 952),
(110, 240, 956),
(143, 241, 959),
(53, 241, 960),
(51, 241, 962),
(57, 241, 962),
(142, 241, 962),
(143, 242, 963),
(88, 361, 964),
(112, 242, 964),
(147, 242, 964),
(89, 123, 965),
(90, 119, 965),
(66, 242, 966),
(91, 243, 967),
(143, 243, 967),
(147, 243, 968),
(143, 244, 971),
(142, 244, 974),
(53, 245, 976),
(74, 245, 977),
(110, 245, 978),
(142, 245, 978),
(147, 246, 980),
(110, 247, 983),
(45, 248, 988),
(147, 248, 988),
(112, 248, 990),
(142, 248, 990),
(112, 249, 991),
(56, 249, 992),
(147, 249, 992),
(51, 249, 993),
(142, 249, 994),
(142, 250, 998),
(52, 251, 999),
(59, 251, 1000),
(51, 251, 1002),
(142, 251, 1002),
(64, 252, 1003),
(147, 252, 1004),
(63, 252, 1005),
(53, 252, 1006),
(57, 253, 1008),
(108, 253, 1008),
(143, 254, 1011),
(45, 254, 1012),
(51, 254, 1014),
(57, 254, 1014),
(143, 255, 1015),
(142, 255, 1018),
(48, 256, 1021),
(110, 256, 1022),
(59, 257, 1023),
(143, 257, 1023),
(108, 257, 1026),
(143, 258, 1027),
(143, 259, 1031),
(147, 259, 1032),
(142, 259, 1034),
(116, 260, 1035),
(88, 114, 1036),
(89, 397, 1038),
(90, 399, 1038),
(143, 262, 1043),
(147, 262, 1044),
(116, 263, 1049),
(112, 264, 1053),
(142, 264, 1054),
(143, 265, 1055),
(64, 265, 1056),
(45, 266, 1060),
(147, 266, 1060),
(142, 266, 1062),
(109, 267, 1064),
(49, 268, 1069),
(110, 269, 1074),
(142, 270, 1078),
(48, 271, 1081),
(51, 271, 1081),
(52, 271, 1082),
(112, 271, 1082),
(59, 272, 1086),
(110, 273, 1088),
(143, 274, 1091),
(55, 274, 1093),
(142, 274, 1094),
(51, 275, 1095),
(108, 275, 1095),
(59, 276, 1099),
(56, 277, 1104),
(45, 277, 1105),
(143, 278, 1107),
(47, 278, 1108),
(147, 278, 1108),
(56, 278, 1110),
(143, 279, 1111),
(147, 279, 1112),
(52, 279, 1113),
(116, 279, 1113),
(142, 279, 1114),
(45, 280, 1115),
(64, 280, 1115),
(142, 280, 1118),
(91, 281, 1119),
(88, 197, 1123),
(89, 235, 1126),
(90, 151, 1126),
(88, 327, 1127),
(108, 283, 1127),
(143, 283, 1127),
(89, 459, 1129),
(90, 117, 1129),
(63, 283, 1130),
(147, 284, 1132),
(48, 284, 1134),
(64, 285, 1135),
(147, 285, 1136),
(143, 286, 1139),
(48, 286, 1140),
(108, 286, 1142),
(56, 288, 1147),
(143, 288, 1147),
(142, 288, 1150),
(55, 289, 1151),
(143, 289, 1151),
(147, 290, 1156),
(50, 291, 1159),
(143, 291, 1159),
(142, 292, 1166),
(143, 293, 1167),
(147, 294, 1172),
(143, 295, 1175),
(63, 297, 1186),
(142, 297, 1186),
(143, 299, 1191),
(147, 299, 1192),
(63, 299, 1193),
(143, 300, 1195),
(147, 302, 1204),
(142, 302, 1206),
(52, 303, 1207),
(143, 304, 1211),
(142, 304, 1214),
(143, 305, 1215),
(147, 305, 1216),
(59, 305, 1217),
(147, 306, 1220),
(116, 306, 1221),
(49, 308, 1227),
(64, 308, 1227),
(63, 308, 1229),
(142, 308, 1230),
(112, 309, 1233),
(91, 310, 1236),
(142, 311, 1242),
(143, 313, 1247),
(142, 313, 1250),
(55, 315, 1256),
(147, 315, 1256),
(110, 317, 1266),
(142, 317, 1266),
(142, 318, 1270),
(91, 319, 1271),
(143, 319, 1271),
(142, 319, 1274),
(143, 320, 1275),
(147, 320, 1276),
(51, 320, 1277),
(64, 321, 1279),
(142, 322, 1286),
(143, 324, 1291),
(66, 324, 1293),
(116, 326, 1299),
(147, 328, 1308),
(147, 329, 1312),
(48, 330, 1317),
(112, 330, 1317),
(147, 331, 1320),
(57, 332, 1323),
(110, 332, 1323),
(50, 332, 1324),
(48, 333, 1327),
(52, 333, 1327),
(143, 333, 1327),
(112, 333, 1328),
(109, 335, 1335),
(110, 335, 1338),
(142, 335, 1338),
(110, 336, 1339),
(147, 336, 1340),
(143, 337, 1343),
(147, 337, 1344),
(88, 153, 1349),
(89, 322, 1350),
(90, 82, 1350),
(110, 338, 1350),
(142, 338, 1350),
(143, 339, 1351),
(58, 339, 1352),
(143, 340, 1355),
(142, 341, 1362),
(147, 342, 1364),
(142, 344, 1371),
(108, 344, 1373),
(45, 344, 1374),
(116, 345, 1376),
(142, 346, 1379),
(63, 346, 1380),
(91, 346, 1380),
(147, 346, 1380),
(108, 346, 1382),
(143, 348, 1387),
(88, 364, 1388),
(89, 520, 1388),
(90, 149, 1388),
(45, 348, 1389),
(143, 349, 1391),
(66, 349, 1392),
(59, 350, 1395),
(108, 351, 1399),
(112, 351, 1401),
(143, 352, 1403),
(142, 353, 1407),
(147, 355, 1416),
(108, 355, 1418),
(45, 356, 1421),
(143, 357, 1423),
(147, 357, 1424),
(112, 360, 1437),
(53, 360, 1438),
(49, 361, 1439),
(56, 361, 1439),
(142, 361, 1439),
(142, 362, 1443),
(108, 364, 1452),
(50, 364, 1454),
(147, 365, 1456),
(143, 367, 1463),
(147, 367, 1464),
(142, 368, 1468),
(147, 368, 1468),
(143, 369, 1471),
(142, 369, 1472),
(48, 369, 1473),
(143, 370, 1475),
(142, 371, 1480),
(143, 372, 1483),
(89, 106, 1484),
(90, 282, 1484),
(88, 119, 1485),
(91, 374, 1492),
(147, 375, 1496),
(147, 378, 1508),
(74, 378, 1510),
(147, 379, 1512),
(143, 380, 1515),
(142, 381, 1520),
(147, 381, 1520),
(142, 382, 1524),
(49, 382, 1526),
(116, 383, 1527),
(143, 383, 1527),
(56, 383, 1528),
(52, 383, 1529),
(147, 385, 1536),
(147, 386, 1540),
(56, 387, 1545),
(130, 388, 1547),
(143, 388, 1547),
(128, 388, 1549),
(152, 390, 1555),
(139, 390, 1556),
(127, 391, 1559),
(143, 391, 1559),
(143, 392, 1563),
(142, 392, 1564),
(152, 392, 1565),
(133, 393, 1567),
(49, 393, 1568),
(55, 393, 1569),
(74, 393, 1569),
(110, 393, 1569),
(64, 394, 1571),
(143, 394, 1571),
(147, 394, 1572),
(134, 395, 1575),
(135, 395, 1575),
(140, 395, 1576),
(59, 396, 1579),
(131, 396, 1579),
(143, 396, 1579),
(142, 396, 1580),
(45, 396, 1581),
(143, 397, 1583),
(50, 397, 1584),
(134, 398, 1587),
(137, 398, 1588),
(142, 398, 1588),
(147, 398, 1588),
(141, 398, 1589),
(143, 399, 1591),
(57, 399, 1592),
(74, 400, 1597),
(109, 400, 1597),
(127, 401, 1599),
(134, 401, 1599),
(131, 401, 1600),
(139, 401, 1600),
(147, 401, 1600),
(91, 401, 1602),
(88, 413, 1604),
(89, 464, 1604),
(90, 182, 1604),
(143, 403, 1607),
(48, 403, 1608),
(140, 403, 1609),
(50, 403, 1610),
(134, 404, 1611),
(50, 404, 1612),
(142, 404, 1612),
(110, 404, 1613),
(143, 405, 1615),
(142, 405, 1616),
(147, 405, 1616),
(116, 406, 1619),
(133, 406, 1619),
(88, 171, 1620),
(89, 288, 1620),
(90, 80, 1620),
(147, 406, 1620),
(141, 406, 1621),
(52, 406, 1622),
(131, 407, 1623),
(129, 407, 1626),
(62, 408, 1627),
(110, 408, 1627),
(143, 408, 1627),
(112, 408, 1628),
(52, 408, 1629),
(57, 408, 1629),
(142, 409, 1633),
(55, 409, 1634),
(130, 410, 1635),
(116, 410, 1636),
(131, 410, 1638),
(112, 411, 1641),
(47, 411, 1642),
(143, 412, 1643),
(131, 413, 1648),
(49, 414, 1652),
(108, 415, 1656),
(129, 415, 1658),
(141, 416, 1662),
(143, 417, 1663),
(47, 418, 1668),
(135, 419, 1671),
(52, 419, 1674),
(147, 420, 1676),
(62, 420, 1677),
(142, 420, 1677),
(110, 420, 1678),
(143, 421, 1679),
(57, 421, 1680),
(143, 422, 1683),
(51, 422, 1685),
(128, 422, 1685),
(141, 422, 1686),
(128, 423, 1689),
(147, 424, 1692),
(108, 424, 1693),
(50, 426, 1699),
(131, 426, 1699),
(88, 397, 1700),
(89, 134, 1700),
(90, 461, 1700),
(147, 426, 1700),
(57, 427, 1705),
(110, 427, 1705),
(131, 428, 1707),
(135, 428, 1708),
(139, 428, 1708),
(128, 428, 1709),
(140, 428, 1710),
(133, 429, 1711),
(135, 429, 1712),
(147, 429, 1712),
(142, 429, 1713),
(65, 429, 1714),
(127, 430, 1715),
(143, 430, 1715),
(142, 430, 1717),
(133, 431, 1719),
(51, 431, 1720),
(131, 431, 1720),
(135, 431, 1720),
(53, 432, 1723),
(135, 432, 1724),
(147, 432, 1724),
(57, 433, 1727),
(108, 433, 1727),
(143, 433, 1727),
(140, 433, 1728),
(51, 433, 1730),
(133, 434, 1731),
(134, 434, 1731),
(128, 434, 1733),
(140, 434, 1733),
(63, 435, 1735),
(130, 435, 1735),
(49, 435, 1736),
(55, 435, 1736),
(147, 435, 1736),
(54, 435, 1737),
(66, 435, 1737),
(112, 435, 1738),
(116, 435, 1738),
(133, 436, 1739),
(56, 436, 1741),
(91, 436, 1741),
(139, 437, 1743),
(143, 438, 1747),
(59, 438, 1748),
(147, 438, 1748),
(110, 439, 1751),
(130, 439, 1751),
(59, 439, 1752),
(142, 439, 1753),
(147, 440, 1756),
(49, 440, 1757),
(112, 440, 1757),
(48, 441, 1759),
(57, 441, 1759),
(139, 441, 1759),
(51, 441, 1761),
(51, 442, 1763),
(131, 442, 1764),
(108, 442, 1766),
(140, 443, 1768),
(112, 443, 1770),
(56, 444, 1772),
(52, 444, 1774),
(116, 444, 1774),
(129, 444, 1774),
(88, 162, 1775),
(133, 445, 1775),
(89, 180, 1776),
(90, 270, 1776),
(137, 445, 1777),
(49, 446, 1779),
(134, 446, 1781),
(137, 446, 1781),
(129, 446, 1782),
(141, 446, 1782),
(130, 448, 1787),
(140, 448, 1788),
(57, 448, 1790),
(59, 450, 1795),
(64, 450, 1796),
(152, 450, 1796),
(140, 451, 1800),
(53, 451, 1801),
(49, 451, 1802),
(141, 451, 1802),
(134, 452, 1804),
(50, 452, 1805),
(109, 452, 1806),
(131, 453, 1807),
(128, 453, 1809),
(133, 454, 1811),
(55, 454, 1812),
(134, 454, 1813),
(74, 455, 1815),
(88, 185, 1815),
(89, 514, 1817),
(90, 207, 1817),
(109, 456, 1820),
(128, 456, 1821),
(110, 456, 1822),
(116, 457, 1825),
(141, 457, 1826),
(116, 458, 1828),
(108, 458, 1830),
(127, 459, 1831),
(53, 459, 1832),
(131, 460, 1836),
(64, 461, 1839),
(133, 461, 1839),
(66, 462, 1846),
(116, 463, 1849),
(141, 463, 1850),
(130, 465, 1855),
(59, 465, 1858),
(64, 466, 1859),
(88, 169, 1859),
(63, 466, 1860),
(89, 453, 1862),
(90, 228, 1862),
(50, 468, 1868),
(56, 468, 1868),
(141, 468, 1870),
(131, 469, 1871),
(66, 469, 1873),
(139, 470, 1877),
(127, 471, 1879),
(152, 471, 1879),
(45, 471, 1880),
(45, 472, 1884),
(51, 472, 1884),
(50, 473, 1887),
(108, 473, 1887),
(129, 473, 1890),
(127, 474, 1891),
(133, 474, 1891),
(139, 474, 1893),
(49, 475, 1896),
(112, 475, 1897),
(137, 475, 1897),
(59, 475, 1898),
(49, 476, 1899),
(152, 476, 1899),
(55, 476, 1901),
(64, 476, 1901),
(141, 477, 1906),
(129, 478, 1910),
(140, 480, 1916),
(129, 480, 1918),
(139, 481, 1922),
(130, 482, 1923),
(109, 483, 1928),
(135, 483, 1928),
(139, 483, 1930),
(130, 484, 1931),
(139, 484, 1932),
(128, 484, 1933),
(59, 485, 1936),
(88, 225, 1943),
(63, 487, 1944),
(134, 487, 1944),
(66, 487, 1945),
(89, 376, 1945),
(90, 390, 1945),
(112, 487, 1946),
(51, 488, 1949),
(127, 489, 1951),
(140, 489, 1952),
(63, 490, 1955),
(135, 490, 1956),
(140, 490, 1957),
(51, 490, 1958),
(65, 490, 1958),
(63, 491, 1959),
(112, 491, 1960),
(49, 491, 1961),
(48, 491, 1962),
(130, 492, 1963),
(130, 493, 1967),
(109, 493, 1969),
(45, 493, 1970),
(131, 494, 1971),
(152, 494, 1973),
(137, 495, 1977),
(129, 495, 1978),
(112, 496, 1979),
(109, 496, 1981),
(63, 496, 1982),
(50, 497, 1984),
(139, 497, 1984),
(130, 498, 1987),
(139, 498, 1987),
(137, 498, 1989),
(129, 498, 1990),
(139, 499, 1991),
(110, 500, 1995),
(66, 500, 1996),
(133, 501, 1999),
(112, 503, 2007),
(116, 504, 2011),
(134, 504, 2013),
(129, 504, 2014),
(91, 505, 2015),
(108, 506, 2022),
(74, 509, 2031),
(134, 509, 2032),
(135, 510, 2036),
(129, 510, 2038),
(135, 511, 2040),
(128, 511, 2041),
(112, 511, 2042),
(137, 512, 2045),
(133, 513, 2047),
(134, 513, 2049),
(129, 513, 2050),
(139, 514, 2051),
(52, 514, 2053),
(141, 514, 2054),
(52, 515, 2055),
(139, 515, 2055),
(49, 515, 2058),
(112, 515, 2058),
(140, 516, 2061),
(108, 517, 2066),
(129, 517, 2066),
(63, 518, 2068),
(112, 518, 2068),
(134, 518, 2070),
(137, 519, 2073),
(134, 520, 2075),
(134, 521, 2079),
(129, 521, 2082),
(140, 521, 2082),
(127, 522, 2083),
(137, 522, 2085),
(133, 523, 2087),
(127, 524, 2091),
(58, 524, 2092),
(139, 525, 2096),
(52, 526, 2100),
(66, 527, 2104),
(55, 527, 2105),
(129, 528, 2110),
(110, 529, 2112),
(108, 529, 2114),
(74, 530, 2116),
(135, 530, 2116),
(141, 530, 2118),
(127, 531, 2119),
(135, 531, 2120),
(57, 532, 2124),
(135, 533, 2128),
(116, 533, 2130),
(64, 535, 2135);

-- --------------------------------------------------------

--
-- Table structure for table `chitietnhom`
--

CREATE TABLE `chitietnhom` (
  `manhom` int(11) NOT NULL,
  `manguoidung` varchar(50) NOT NULL DEFAULT '0',
  `hienthi` tinyint(1) DEFAULT 1
) ENGINE=InnoDB DEFAULT CHARSET=utf8mb4 COLLATE=utf8mb4_general_ci;

--
-- Dumping data for table `chitietnhom`
--

INSERT INTO `chitietnhom` (`manhom`, `manguoidung`, `hienthi`) VALUES
(2, '3118410081', 1),
(2, '3118410270', 1),
(2, '3119410076', 1),
(2, '3119410078', 1),
(2, '3120410452', 1),
(2, '3120410589', 1),
(2, '3120560059', 1),
(2, '3120560073', 1),
(2, '3120560090', 1),
(2, '3121410069', 1),
(2, '3121410223', 1),
(2, '3121410314', 1),
(2, '3121410370', 1),
(2, '3121410532', 1),
(2, '3121560029', 1),
(2, '3121560037', 1),
(2, '3121560080', 1),
(4, '3119410076', 1),
(5, '3121410223', 1),
(5, '3121410370', 1),
(5, '3121410422', 1),
(5, '3121410532', 1),
(5, '3121560078', 1),
(6, '3120410277', 1),
(6, '3120410293', 1),
(6, '3120410347', 1),
(6, '3120410606', 1),
(6, '3121410066', 1),
(6, '3121410069', 1),
(6, '3121410146', 1),
(6, '3121410182', 1),
(6, '3121410205', 1),
(6, '3121410208', 1),
(6, '3121410210', 1),
(6, '3121410212', 1),
(6, '3121410284', 1),
(6, '3121410294', 1),
(6, '3121410379', 1),
(6, '3121410401', 1),
(6, '3121410425', 1),
(6, '3121410555', 1),
(6, '3121410559', 1),
(6, '3121410585', 1),
(6, '3121560033', 1),
(7, '3119410076', 1),
(8, '3121410223', 1),
(8, '3121410370', 1),
(11, '3120410057', 1),
(11, '3120410089', 1),
(11, '3120410094', 1),
(11, '3120410309', 1),
(11, '3120410353', 1),
(11, '3120410613', 1),
(11, '3120410618', 1),
(11, '3120560073', 1),
(11, '3120560093', 1),
(11, '3121410137', 1),
(11, '3121410223', 1),
(11, '3121410314', 1),
(11, '3121410370', 1),
(11, '3121410532', 1),
(11, '3121560078', 1),
(11, '3121560080', 1);

--
-- Triggers `chitietnhom`
--
DELIMITER $$
CREATE TRIGGER `update_group_participants_after_delete` AFTER DELETE ON `chitietnhom` FOR EACH ROW UPDATE nhom
SET siso = 
(SELECT count(*) FROM chitietnhom where manhom = OLD.manhom)
WHERE manhom = OLD.manhom
$$
DELIMITER ;
DELIMITER $$
CREATE TRIGGER `update_group_participants_after_insert` AFTER INSERT ON `chitietnhom` FOR EACH ROW UPDATE nhom
SET siso = 
(SELECT count(*) FROM chitietnhom where manhom = NEW.manhom)
WHERE manhom = NEW.manhom
$$
DELIMITER ;

-- --------------------------------------------------------

--
-- Table structure for table `chitietquyen`
--

CREATE TABLE `chitietquyen` (
  `manhomquyen` int(11) NOT NULL,
  `chucnang` varchar(50) NOT NULL,
  `hanhdong` varchar(50) NOT NULL
) ENGINE=InnoDB DEFAULT CHARSET=utf8mb4 COLLATE=utf8mb4_general_ci;

--
-- Dumping data for table `chitietquyen`
--

INSERT INTO `chitietquyen` (`manhomquyen`, `chucnang`, `hanhdong`) VALUES
(1, 'cauhoi', 'create'),
(1, 'cauhoi', 'delete'),
(1, 'cauhoi', 'update'),
(1, 'cauhoi', 'view'),
(1, 'chuong', 'create'),
(1, 'chuong', 'delete'),
(1, 'chuong', 'update'),
(1, 'chuong', 'view'),
(1, 'dethi', 'create'),
(1, 'dethi', 'delete'),
(1, 'dethi', 'update'),
(1, 'dethi', 'view'),
(1, 'hocphan', 'create'),
(1, 'hocphan', 'delete'),
(1, 'hocphan', 'update'),
(1, 'hocphan', 'view'),
(1, 'monhoc', 'create'),
(1, 'monhoc', 'delete'),
(1, 'monhoc', 'update'),
(1, 'monhoc', 'view'),
(1, 'nguoidung', 'create'),
(1, 'nguoidung', 'delete'),
(1, 'nguoidung', 'update'),
(1, 'nguoidung', 'view'),
(1, 'nhomquyen', 'create'),
(1, 'nhomquyen', 'delete'),
(1, 'nhomquyen', 'update'),
(1, 'nhomquyen', 'view'),
(1, 'phancong', 'create'),
(1, 'phancong', 'delete'),
(1, 'phancong', 'update'),
(1, 'phancong', 'view'),
(1, 'thongbao', 'create'),
(1, 'thongbao', 'delete'),
(1, 'thongbao', 'update'),
(1, 'thongbao', 'view'),
(10, 'cauhoi', 'create'),
(10, 'cauhoi', 'view'),
(10, 'dethi', 'create'),
(10, 'dethi', 'delete'),
(10, 'dethi', 'update'),
(10, 'dethi', 'view'),
(10, 'hocphan', 'create'),
(10, 'hocphan', 'delete'),
(10, 'hocphan', 'update'),
(10, 'hocphan', 'view'),
(10, 'tghocphan', 'join'),
(10, 'tgthi', 'join'),
(10, 'thongbao', 'create'),
(10, 'thongbao', 'delete'),
(10, 'thongbao', 'update'),
(10, 'thongbao', 'view'),
(11, 'tghocphan', 'join'),
(11, 'tgthi', 'join'),
(13, 'nguoidung', 'view'),
(14, 'tghocphan', 'join'),
(14, 'tgthi', 'join');

-- --------------------------------------------------------

--
-- Table structure for table `chitietthongbao`
--

CREATE TABLE `chitietthongbao` (
  `matb` int(11) NOT NULL,
  `manhom` int(11) NOT NULL
) ENGINE=InnoDB DEFAULT CHARSET=utf8mb4 COLLATE=utf8mb4_general_ci;

--
-- Dumping data for table `chitietthongbao`
--

INSERT INTO `chitietthongbao` (`matb`, `manhom`) VALUES
(5, 2),
(5, 3),
(6, 4),
(6, 5),
(6, 6),
(7, 11);

-- --------------------------------------------------------

--
-- Table structure for table `chuong`
--

CREATE TABLE `chuong` (
  `machuong` int(11) NOT NULL,
  `tenchuong` varchar(255) NOT NULL,
  `mamonhoc` int(11) NOT NULL,
  `trangthai` tinyint(1) DEFAULT NULL
) ENGINE=InnoDB DEFAULT CHARSET=utf8mb4 COLLATE=utf8mb4_general_ci;

--
-- Dumping data for table `chuong`
--

INSERT INTO `chuong` (`machuong`, `tenchuong`, `mamonhoc`, `trangthai`) VALUES
(5, 'Chương 2: Lệnh và tiện ích trên linux', 841058, 1),
(6, 'Chương 3: Quản trị người dùng và nhóm người dùng', 841058, 1),
(7, 'Chương 1: Ngôn ngữ lập trình Java', 841059, 1),
(18, 'Chương 1: Hệ thống thông tin là gì', 841048, 1),
(19, 'Chương 2: ok', 841048, 1),
(20, 'Chương 1: Lập trình Java cơ bản', 841107, 1),
(21, 'Chương 2: Lập trình hướng đối tượng trong Java', 841107, 1),
(22, 'Chương 3: Gói Swing và AWT', 841107, 1),
(23, 'Chương 2: Các tính chất của Lập trình hướng đối tượng', 841059, 1),
(24, 'after trangthai', 841021, 0),
(25, 'Chương 1: Cơ bản về PHP', 841464, 1),
(26, 'Chương 2: Biến và kiểu dữ liệu', 841464, 1),
(27, 'Chương 3: Câu lệnh điều khiển', 841464, 1),
(28, 'Chương 4: Vòng lặp', 841464, 1),
(29, 'Chương 5: Mảng', 841464, 1),
(30, 'Chương 6: Hàm', 841464, 1),
(31, 'Chương 7: Xử lý chuỗi', 841464, 1),
(32, 'Chương 8: Xử lý ngày tháng', 841464, 1),
(33, 'Chương 9: Xử lý file', 841464, 1),
(34, 'Chương 10: Lập trình hướng đối tượng (OOP)', 841464, 1);

-- --------------------------------------------------------

--
-- Table structure for table `danhmucchucnang`
--

CREATE TABLE `danhmucchucnang` (
  `chucnang` varchar(50) NOT NULL,
  `tenchucnang` varchar(255) DEFAULT NULL
) ENGINE=InnoDB DEFAULT CHARSET=utf8mb4 COLLATE=utf8mb4_general_ci;

--
-- Dumping data for table `danhmucchucnang`
--

INSERT INTO `danhmucchucnang` (`chucnang`, `tenchucnang`) VALUES
('caidat', 'Cài đặt'),
('cauhoi', 'Quản lý câu hỏi'),
('chuong', 'Quản lý chương'),
('dethi', 'Quản lý đề thi'),
('hocphan', 'Quản lý học phần'),
('monhoc', 'Quản lý môn học'),
('nguoidung', 'Quản lý người dùng'),
('nhomquyen', 'Quản lý nhóm quyền'),
('phancong', 'Quản lý phân công'),
('sinhvien', 'Sinh viên'),
('tghocphan', 'Tham gia học phần'),
('tgthi', 'Tham gia thi'),
('thongbao', 'Thông báo');

-- --------------------------------------------------------

--
-- Table structure for table `dethi`
--

CREATE TABLE `dethi` (
  `made` int(11) NOT NULL,
  `monthi` int(11) DEFAULT NULL,
  `nguoitao` varchar(50) DEFAULT NULL,
  `tende` varchar(255) DEFAULT NULL,
  `thoigiantao` datetime DEFAULT current_timestamp(),
  `thoigianthi` int(11) DEFAULT NULL,
  `thoigianbatdau` datetime DEFAULT NULL,
  `thoigianketthuc` datetime DEFAULT NULL,
  `hienthibailam` tinyint(1) DEFAULT NULL,
  `xemdiemthi` tinyint(1) DEFAULT NULL,
  `xemdapan` tinyint(1) DEFAULT NULL,
  `troncauhoi` tinyint(1) DEFAULT NULL,
  `trondapan` tinyint(1) DEFAULT NULL,
  `nopbaichuyentab` tinyint(1) DEFAULT NULL,
  `loaide` int(11) DEFAULT NULL,
  `socaude` int(11) DEFAULT NULL,
  `socautb` int(11) DEFAULT NULL,
  `socaukho` int(11) DEFAULT NULL,
  `trangthai` tinyint(1) DEFAULT 1
) ENGINE=InnoDB DEFAULT CHARSET=utf8mb4 COLLATE=utf8mb4_general_ci;

--
-- Dumping data for table `dethi`
--

INSERT INTO `dethi` (`made`, `monthi`, `nguoitao`, `tende`, `thoigiantao`, `thoigianthi`, `thoigianbatdau`, `thoigianketthuc`, `hienthibailam`, `xemdiemthi`, `xemdapan`, `troncauhoi`, `trondapan`, `nopbaichuyentab`, `loaide`, `socaude`, `socautb`, `socaukho`, `trangthai`) VALUES
(1, 841059, '3121410422', 'Đề kiểm tra giữa kì LTHDT', '2023-04-03 13:58:33', 10, '2023-04-03 12:00:00', '2023-04-04 12:00:00', 0, 0, 0, 0, 0, 0, 1, 5, 5, 5, 1),
(2, 841059, '3121410422', 'Đề kiểm tra mới', '2023-04-03 16:02:49', 10, '2023-04-03 14:00:00', '2023-04-03 17:00:00', 0, 0, 0, 0, 0, 0, 0, 5, 5, 5, 1),
(3, 841059, '3121410422', 'Đề kiểm tra mới mới', '2023-04-03 16:58:36', 5, '2023-04-03 12:00:00', '2023-05-07 18:00:00', 0, 1, 0, 0, 0, 1, 1, 5, 5, 5, 1),
(4, 841059, '3121410422', 'Đề kiểm tra tuần 11', '2023-04-22 14:42:39', 15, '2023-04-22 12:00:00', '2023-04-30 12:00:00', 1, 1, 0, 0, 0, 0, 1, 5, 5, 5, 1),
(6, 841107, '3121410422', 'Đề Java T12', '2023-04-24 13:40:12', 15, '2023-04-24 12:00:00', '2023-04-30 12:00:00', 0, 0, 0, 0, 0, 0, 1, 5, 5, 5, 1),
(7, 841464, '3121410422', 'Đề kiểm tra cuối kì Lập trình web nâng cao', '2023-04-28 15:57:43', 5, '2023-04-28 15:00:00', '2023-04-29 12:00:00', 1, 1, 1, 1, 1, 0, 1, 5, 10, 5, 1),
(8, 841464, '3121410422', 'Đề kiểm tra tự động nộp khi chuyển tab', '2023-04-28 16:28:57', 15, '2023-04-28 12:00:00', '2023-05-09 12:00:00', 1, 1, 1, 1, 1, 1, 1, 5, 10, 5, 1),
(9, 841464, '3121410422', 'Đề kiểm tra Lập trình web và Ứng Dụng CK', '2023-04-28 17:06:13', 1, '2023-04-28 17:00:00', '2023-05-10 12:00:00', 1, 1, 1, 1, 1, 0, 1, 5, 10, 5, 1),
(12, 841059, '3121410422', 'Đề kiểm tra tạo thủ công', '2023-05-08 04:58:13', 5, '2023-05-08 12:00:00', '2023-05-09 12:00:00', 0, 0, 0, 0, 0, 0, 0, 5, 5, 5, 1),
(13, 841059, '3121410422', 'Đề tạo thủ công', '2023-05-08 05:03:36', 5, '2023-05-08 12:00:00', '2023-05-09 12:00:00', 0, 0, 0, 0, 0, 0, 0, 5, 5, 6, 1),
(14, 841464, '3121410422', 'Test lại lần cuối', '2023-05-08 09:47:31', 10, '2023-05-08 12:00:00', '2023-05-09 12:00:00', 0, 0, 0, 0, 0, 0, 1, 5, 5, 5, 0),
(15, 841464, '3121410069', 'Đề kiểm tra check', '2023-05-08 11:16:16', 10, '2023-05-08 12:00:00', '2023-05-09 12:00:00', 0, 0, 0, 0, 0, 0, 1, 5, 5, 5, 1),
(16, 841464, '3121410069', 'Đề kiểm tra check', '2023-05-08 11:25:44', 10, '2023-05-08 12:00:00', '2023-05-09 12:00:00', 0, 0, 0, 0, 0, 0, 0, 10, 10, 10, 1),
(17, 841464, '3121410422', 'Đề kiểm tra Lập trình web và ứng dụng nâng cao', '2023-05-08 16:21:33', 10, '2023-05-08 16:22:00', '2023-05-08 17:00:00', 1, 1, 0, 1, 1, 0, 1, 10, 10, 10, 0),
(18, 841464, '3121410422', 'Đề 1', '2023-05-08 16:38:20', 10, '2023-05-08 16:39:00', '2023-05-09 16:50:00', 1, 1, 0, 1, 1, 0, 1, 10, 10, 10, 0),
(19, 841464, '3121410422', 'Đề 2', '2023-05-08 16:41:10', 10, '2023-05-08 16:41:00', '2023-05-08 16:55:00', 1, 1, 0, 0, 0, 0, 1, 3, 3, 4, 0),
(20, 841464, '3121410422', 'Đề kiểm tra Lập trình web và ứng dụng nâng cao !', '2023-05-08 16:47:43', 20, '2023-05-08 16:49:00', '2023-05-12 17:21:00', 0, 1, 0, 0, 0, 0, 1, 10, 5, 5, 1),
(21, 841464, '3121410422', 'Đề thi 100 câu', '2023-05-08 17:04:36', 30, '2023-05-08 17:05:00', '2023-05-08 17:35:00', 0, 1, 0, 0, 0, 0, 1, 40, 30, 30, 1);

-- --------------------------------------------------------

--
-- Table structure for table `dethitudong`
--

CREATE TABLE `dethitudong` (
  `made` int(11) NOT NULL,
  `machuong` int(11) NOT NULL
) ENGINE=InnoDB DEFAULT CHARSET=utf8mb4 COLLATE=utf8mb4_general_ci;

--
-- Dumping data for table `dethitudong`
--

INSERT INTO `dethitudong` (`made`, `machuong`) VALUES
(1, 7),
(3, 7),
(4, 7),
(6, 20),
(6, 21),
(6, 22),
(7, 25),
(7, 26),
(7, 27),
(7, 28),
(7, 29),
(7, 30),
(7, 31),
(7, 32),
(7, 33),
(7, 34),
(8, 25),
(8, 26),
(8, 27),
(8, 28),
(8, 29),
(8, 30),
(8, 31),
(8, 32),
(8, 33),
(8, 34),
(9, 25),
(9, 26),
(9, 27),
(9, 28),
(9, 29),
(14, 25),
(14, 26),
(14, 27),
(14, 28),
(15, 26),
(17, 25),
(17, 26),
(17, 27),
(17, 28),
(17, 29),
(17, 30),
(17, 31),
(17, 32),
(17, 33),
(17, 34),
(18, 25),
(18, 26),
(18, 27),
(18, 28),
(19, 27),
(19, 28),
(20, 26),
(20, 27),
(20, 28),
(20, 29),
(20, 33),
(20, 34),
(21, 25),
(21, 26),
(21, 27),
(21, 28),
(21, 29),
(21, 30),
(21, 31),
(21, 32),
(21, 33);

-- --------------------------------------------------------

--
-- Table structure for table `giaodethi`
--

CREATE TABLE `giaodethi` (
  `made` int(11) NOT NULL,
  `manhom` int(11) NOT NULL
) ENGINE=InnoDB DEFAULT CHARSET=utf8mb4 COLLATE=utf8mb4_general_ci;

--
-- Dumping data for table `giaodethi`
--

INSERT INTO `giaodethi` (`made`, `manhom`) VALUES
(1, 2),
(2, 2),
(3, 2),
(3, 3),
(4, 2),
(6, 7),
(6, 8),
(6, 9),
(7, 6),
(8, 6),
(9, 4),
(9, 5),
(9, 6),
(13, 2),
(14, 4),
(14, 5),
(14, 6),
(15, 10),
(16, 10),
(17, 5),
(18, 5),
(19, 5),
(20, 11),
(21, 11);

-- --------------------------------------------------------

--
-- Table structure for table `ketqua`
--

CREATE TABLE `ketqua` (
  `makq` int(11) NOT NULL,
  `made` int(11) NOT NULL,
  `manguoidung` varchar(50) NOT NULL DEFAULT '',
  `diemthi` double DEFAULT NULL,
  `thoigianvaothi` datetime DEFAULT current_timestamp(),
  `thoigianlambai` int(11) DEFAULT NULL,
  `socaudung` int(11) DEFAULT NULL,
  `solanchuyentab` int(11) DEFAULT 0
) ENGINE=InnoDB DEFAULT CHARSET=utf8mb4 COLLATE=utf8mb4_general_ci;

--
-- Dumping data for table `ketqua`
--

INSERT INTO `ketqua` (`makq`, `made`, `manguoidung`, `diemthi`, `thoigianvaothi`, `thoigianlambai`, `socaudung`, `solanchuyentab`) VALUES
(33, 1, '3118410081', NULL, '2023-04-03 16:10:39', NULL, NULL, 0),
(35, 1, '3119410078', 4.67, '2023-04-03 16:12:09', 287, 7, 0),
(34, 1, '3120410452', NULL, '2023-04-03 16:10:39', NULL, NULL, 0),
(30, 1, '3120560059', 4.67, '2023-04-03 16:09:08', 207, 7, 0),
(32, 1, '3120560073', 7.33, '2023-04-03 16:09:38', 361, 11, 0),
(31, 1, '3120560090', NULL, '2023-04-03 16:09:31', NULL, NULL, 0),
(15, 1, '3121410069', 1.33, '2023-04-03 15:41:02', 40, 2, 0),
(19, 1, '3121410223', 1.33, '2023-04-03 16:02:16', 382, 2, 0),
(17, 1, '3121410314', NULL, '2023-04-03 16:01:38', NULL, NULL, 0),
(29, 1, '3121410370', 1.33, '2023-04-03 16:07:34', 77, 2, 0),
(18, 1, '3121410532', NULL, '2023-04-03 16:01:39', NULL, NULL, 0),
(21, 1, '3121560037', NULL, '2023-04-03 16:03:15', NULL, NULL, 0),
(16, 1, '3121560080', 6, '2023-04-03 16:01:35', 592, 9, 2),
(37, 2, '3120410039', NULL, '2023-04-03 16:14:11', NULL, NULL, 0),
(28, 2, '3120410589', NULL, '2023-04-03 16:05:21', NULL, NULL, 0),
(36, 2, '3120560059', NULL, '2023-04-03 16:12:54', NULL, NULL, 0),
(26, 2, '3121410223', 3.33, '2023-04-03 16:04:02', 103, 5, 2),
(23, 2, '3121410314', 2, '2023-04-03 16:03:38', 60, 3, 0),
(22, 2, '3121410370', 4.67, '2023-04-03 16:03:25', 144, 7, 6),
(24, 2, '3121410532', 3.33, '2023-04-03 16:03:46', 84, 5, 0),
(27, 2, '3121560029', NULL, '2023-04-03 16:04:20', NULL, NULL, 0),
(25, 2, '3121560037', 0.67, '2023-04-03 16:03:49', 53, 1, 0),
(20, 2, '3121560080', 4, '2023-04-03 16:03:03', 223, 6, 0),
(39, 3, '3118410081', NULL, '2023-04-05 13:07:29', NULL, NULL, 0),
(43, 3, '3119410076', 2.67, '2023-04-28 01:19:19', 60, 4, 0),
(40, 3, '3121410069', 6.67, '2023-04-22 05:43:47', 209, 10, 0),
(70, 3, '3121410284', 2.67, '2023-04-28 16:34:20', 212, 4, 0),
(42, 4, '3118410270', 0.67, '2023-04-24 16:35:30', 900, 1, 13),
(41, 4, '3119410076', 7.33, '2023-04-24 15:11:25', 438, 11, 0),
(57, 7, '3120410277', 2.5, '2023-04-28 16:21:14', 70, 5, 0),
(59, 7, '3120410293', 6, '2023-04-28 16:21:26', 298, 12, 15),
(73, 7, '3120410347', 0, '2023-04-28 16:39:45', 300, 0, 5),
(54, 7, '3121410066', 1, '2023-04-28 16:19:56', 26, 2, 0),
(60, 7, '3121410069', 0, '2023-04-28 16:24:40', 214, 0, 5),
(51, 7, '3121410146', 3, '2023-04-28 16:18:24', 38, 6, 0),
(53, 7, '3121410182', 3, '2023-04-28 16:19:02', 307, 6, 8),
(46, 7, '3121410205', 0, '2023-04-28 16:17:45', 151, 0, 4),
(47, 7, '3121410208', 1, '2023-04-28 16:17:51', 125, 2, 0),
(58, 7, '3121410210', 0.5, '2023-04-28 16:21:21', 40, 1, 0),
(56, 7, '3121410212', 3, '2023-04-28 16:20:41', 29, 6, 0),
(48, 7, '3121410284', 4, '2023-04-28 16:18:04', 207, 8, 0),
(45, 7, '3121410294', 4.5, '2023-04-28 16:17:35', 203, 9, 0),
(68, 7, '3121410379', NULL, '2023-04-28 16:33:27', NULL, NULL, 4),
(55, 7, '3121410401', 1, '2023-04-28 16:20:00', 80, 2, 0),
(50, 7, '3121410425', 3.5, '2023-04-28 16:18:18', 231, 7, 0),
(52, 7, '3121410555', 4, '2023-04-28 16:18:36', 101, 8, 0),
(79, 7, '3121410559', 0, '2023-04-28 16:59:44', 80, 0, 1),
(49, 7, '3121410585', 2, '2023-04-28 16:18:09', 136, 4, 0),
(44, 7, '3121560033', 0, '2023-04-28 15:58:41', 219, 0, 15),
(76, 8, '3120410277', 0, '2023-04-28 16:49:56', -25144, 0, 0),
(82, 8, '3120410293', 0, '2023-05-07 19:27:24', 4, 0, 1),
(72, 8, '3120410347', 0, '2023-04-28 16:36:07', 58, 0, 3),
(89, 8, '3120410606', 0, '2023-05-07 21:46:02', 25, 0, 0),
(90, 8, '3121410066', 0, '2023-05-07 21:48:36', 32, 0, 2),
(67, 8, '3121410069', 0, '2023-04-28 16:33:25', 15, 0, 6),
(88, 8, '3121410146', 0, '2023-05-07 19:46:50', 101, 0, 0),
(62, 8, '3121410182', 1.5, '2023-04-28 16:29:29', 57, 3, 7),
(65, 8, '3121410205', 0, '2023-04-28 16:31:48', 943, 0, 11),
(61, 8, '3121410208', NULL, '2023-04-28 16:29:18', NULL, NULL, 27),
(64, 8, '3121410210', 6.5, '2023-04-28 16:30:55', 633, 13, 20),
(66, 8, '3121410284', 1.5, '2023-04-28 16:32:09', 77, 3, 7),
(69, 8, '3121410294', 0, '2023-04-28 16:33:52', 81, 0, 2),
(71, 8, '3121410379', 0.5, '2023-04-28 16:34:59', 848, 1, 12),
(91, 8, '3121410401', 3.5, '2023-05-07 21:55:42', 66, 7, 2),
(75, 8, '3121410425', 0, '2023-04-28 16:48:23', -25197, 0, 1),
(77, 8, '3121410555', 0, '2023-04-28 16:55:54', 7, 0, 0),
(78, 8, '3121410559', 0, '2023-04-28 16:59:12', 140, 0, 2),
(63, 8, '3121410585', 3, '2023-04-28 16:30:10', 484, 6, 7),
(74, 8, '3121560033', 2, '2023-04-28 16:41:54', -25172, 4, 1),
(105, 9, '3120410077', NULL, '2023-05-08 16:20:21', NULL, NULL, 0),
(83, 9, '3120410277', 0, '2023-05-07 19:29:23', 8, 0, 1),
(84, 9, '3120410293', 0, '2023-05-07 19:31:04', 123, 0, 0),
(85, 9, '3120410347', 4.5, '2023-05-07 19:34:54', 120, 9, 14),
(81, 9, '3120410606', 0, '2023-04-28 17:07:29', 27, 0, 2),
(86, 9, '3121410066', 0, '2023-05-07 19:37:45', 2, 0, 1),
(94, 9, '3121410069', 6, '2023-05-08 02:56:55', 120, 12, 0),
(87, 9, '3121410146', 0, '2023-05-07 19:38:55', 120, 0, 0),
(96, 9, '3121410182', 6, '2023-05-08 03:03:19', 120, 12, 0),
(95, 9, '3121410205', 5, '2023-05-08 03:00:32', 120, 10, 0),
(104, 9, '3121410208', 0.5, '2023-05-08 05:23:52', 20, 1, 1),
(97, 9, '3121410210', 3, '2023-05-08 03:06:16', 60, 6, 2),
(98, 9, '3121410212', 1, '2023-05-08 03:07:41', 60, 2, 2),
(106, 9, '3121410223', NULL, '2023-05-08 16:22:15', NULL, NULL, 0),
(103, 9, '3121410284', 3.5, '2023-05-08 03:19:14', 59, 7, 0),
(100, 9, '3121410294', 1.5, '2023-05-08 03:11:23', 60, 3, 0),
(93, 9, '3121410379', 0.5, '2023-05-07 21:59:44', 30, 1, 0),
(92, 9, '3121410401', 3.5, '2023-05-07 21:58:15', 28, 7, 0),
(115, 9, '3121410422', 0.5, '2023-05-08 16:33:17', 3, 1, 0),
(99, 9, '3121410425', 2, '2023-05-08 03:09:40', 60, 4, 0),
(102, 9, '3121410555', 2, '2023-05-08 03:16:33', 60, 4, 1),
(80, 9, '3121410559', 0, '2023-04-28 17:06:25', 9, 0, 1),
(101, 9, '3121410585', 2.5, '2023-05-08 03:13:10', 60, 5, 4),
(111, 13, '3121410314', NULL, '2023-05-08 16:28:03', NULL, NULL, 0),
(120, 13, '3121560080', 0.63, '2023-05-08 16:39:55', 11, 1, 0),
(114, 14, '3121410422', 0, '2023-05-08 16:32:41', 1, 0, 0),
(116, 17, '3120410618', 2.67, '2023-05-08 16:35:38', 31, 8, 0),
(107, 17, '3121410223', 0, '2023-05-08 16:22:27', 29, 0, 2),
(112, 17, '3121410314', 1.33, '2023-05-08 16:29:00', 48, 4, 0),
(108, 17, '3121410370', 3, '2023-05-08 16:22:29', 630, 9, 9),
(109, 17, '3121410422', 1, '2023-05-08 16:26:15', 5, 3, 1),
(110, 17, '3121410532', 2.33, '2023-05-08 16:27:50', 303, 7, 0),
(125, 18, '3120410618', 2.33, '2023-05-08 16:45:18', 31, 7, 0),
(118, 18, '3121410223', 3, '2023-05-08 16:39:03', 86, 9, 0),
(119, 18, '3121410314', 3.67, '2023-05-08 16:39:22', 46, 11, 0),
(117, 18, '3121410370', 2, '2023-05-08 16:39:02', 40, 6, 0),
(126, 19, '3120410618', 2, '2023-05-08 16:46:17', 12, 2, 0),
(122, 19, '3121410223', 5, '2023-05-08 16:41:20', 23, 5, 0),
(124, 19, '3121410314', 1, '2023-05-08 16:44:51', 13, 1, 0),
(123, 19, '3121410370', 1, '2023-05-08 16:41:21', 17, 1, 0),
(121, 19, '3121560078', 5, '2023-05-08 16:41:19', 16, 5, 0),
(130, 20, '3120410057', 3.5, '2023-05-08 16:51:50', 210, 7, 0),
(132, 20, '3120410089', 0.5, '2023-05-08 16:56:05', 44, 1, 1),
(131, 20, '3120410094', 4.5, '2023-05-08 16:52:54', 232, 9, 0),
(140, 20, '3120410309', 2, '2023-05-08 17:02:45', 33, 4, 0),
(134, 20, '3120410353', 7.5, '2023-05-08 17:00:02', 317, 15, 25),
(141, 20, '3120410613', 2.5, '2023-05-08 17:03:29', 99, 5, 0),
(129, 20, '3120410618', 1.5, '2023-05-08 16:51:34', 37, 3, 1),
(137, 20, '3120560073', 2.5, '2023-05-08 17:01:52', 40, 5, 0),
(136, 20, '3120560093', 0, '2023-05-08 17:01:06', 468, 0, 14),
(152, 20, '3121410137', 6.5, '2023-05-11 09:46:36', 105, 13, 0),
(127, 20, '3121410223', 7.5, '2023-05-08 16:49:11', 38, 15, 0),
(135, 20, '3121410314', 4, '2023-05-08 17:00:26', 20, 8, 0),
(128, 20, '3121410370', 1, '2023-05-08 16:49:12', 26, 2, 0),
(133, 20, '3121410532', 6.5, '2023-05-08 17:00:02', 73, 13, 0),
(139, 20, '3121560078', 1.5, '2023-05-08 17:02:22', 175, 3, 7),
(138, 20, '3121560080', 1, '2023-05-08 17:02:00', 116, 2, 0),
(147, 21, '3120410057', 2.4, '2023-05-08 17:06:33', 383, 24, 4),
(145, 21, '3120410089', 0, '2023-05-08 17:05:24', 6, 0, 0),
(149, 21, '3120410094', 0.6, '2023-05-08 17:07:01', 161, 6, 8),
(150, 21, '3120410618', NULL, '2023-05-08 17:10:29', NULL, NULL, 1),
(143, 21, '3121410223', 6.8, '2023-05-08 17:05:08', 126, 68, 0),
(142, 21, '3121410370', 2.3, '2023-05-08 17:05:05', 175, 23, 1),
(146, 21, '3121560078', 0.3, '2023-05-08 17:05:55', 144, 3, 0),
(148, 21, '3121560080', 0.2, '2023-05-08 17:06:40', 97, 2, 0);

-- --------------------------------------------------------

--
-- Table structure for table `monhoc`
--

CREATE TABLE `monhoc` (
  `mamonhoc` int(11) NOT NULL,
  `tenmonhoc` varchar(255) NOT NULL,
  `sotinchi` int(11) DEFAULT NULL,
  `sotietlythuyet` int(11) DEFAULT NULL,
  `sotietthuchanh` int(11) DEFAULT NULL,
  `trangthai` tinyint(1) DEFAULT NULL
) ENGINE=InnoDB DEFAULT CHARSET=utf8mb4 COLLATE=utf8mb4_general_ci;

--
-- Dumping data for table `monhoc`
--

INSERT INTO `monhoc` (`mamonhoc`, `tenmonhoc`, `sotinchi`, `sotietlythuyet`, `sotietthuchanh`, `trangthai`) VALUES
(841021, 'Kiến trúc máy tính', 3, 30, 30, 1),
(841048, 'P/tích thiết kế hệ thống thông tin', 4, 45, 30, 0),
(841058, 'Hệ điều hành mã nguồn mở', 3, 30, 30, 1),
(841059, 'Lập trình hướng đối tượng', 4, 45, 30, 1),
(841107, 'Lập trình Java', 4, 45, 30, 1),
(841464, 'Lập trình web và ứng dụng nâng cao', 4, 45, 30, 1);

-- --------------------------------------------------------

--
-- Table structure for table `nguoidung`
--

CREATE TABLE `nguoidung` (
  `email` varchar(255) NOT NULL,
  `id` varchar(50) NOT NULL,
  `googleid` varchar(150) DEFAULT NULL,
  `hoten` varchar(255) NOT NULL,
  `gioitinh` tinyint(1) DEFAULT NULL,
  `ngaysinh` date DEFAULT '1990-01-01',
  `avatar` varchar(255) DEFAULT NULL,
  `ngaythamgia` date NOT NULL DEFAULT current_timestamp(),
  `matkhau` varchar(60) DEFAULT NULL,
  `trangthai` int(11) NOT NULL,
  `sodienthoai` int(11) DEFAULT NULL,
  `token` varchar(255) DEFAULT NULL,
  `otp` varchar(10) DEFAULT NULL,
  `manhomquyen` int(11) DEFAULT NULL
) ENGINE=InnoDB DEFAULT CHARSET=utf8mb4 COLLATE=utf8mb4_general_ci;

--
-- Dumping data for table `nguoidung`
--

INSERT INTO `nguoidung` (`email`, `id`, `googleid`, `hoten`, `gioitinh`, `ngaysinh`, `avatar`, `ngaythamgia`, `matkhau`, `trangthai`, `sodienthoai`, `token`, `otp`, `manhomquyen`) VALUES
('thanhsang@sgu.edu.vn', '111111', NULL, 'Nguyễn Thanh Sang', 1, '2023-04-23', NULL, '2023-04-24', '$2y$10$3qZEGIyBG8g/UYXpPGzQLuAUydxjCT3.W.GOozN7NC6q0KirzNrLa', 1, NULL, '1683500983$2y$10$/OQ3XtJHwCoRvQ5KcVsabOd./TTUFgzEei5JGiRodxteAjZ8uiCk.', NULL, 10),
('', '3118410081', NULL, 'Lê Hoàng An Đình', 1, '2000-05-12', NULL, '2023-04-03', '$2y$10$TIrNBq.hviCe5wJeo09VOOcU3VhJJVqTm2h1TI.MFl3ATbgT3oFae', 1, NULL, '', NULL, 11),
('minh@gmail.com', '3118410270', NULL, 'Nguyễn Ngọc Minh', NULL, '1990-01-01', NULL, '2023-04-03', '$2y$10$ppf7z.IO8CEQqJ/a8VaUsOPsYHWFeF.WPVfJPxrA5/tgmTGeRiSwW', 1, NULL, '', NULL, 11),
('duy@gmial.com', '3119410076', NULL, 'Trần Đức Duy', NULL, '1990-01-01', NULL, '2023-04-03', '$2y$10$BROggCTrv85iAp5QZly/Guw1gfR1R2o1kRMlzPNDPWhoyxjZWNuIe', 1, NULL, '', NULL, 11),
('duonggtran26012001@gmail.com', '3119410078', NULL, 'Trần Đại Dương', NULL, '1990-01-01', NULL, '2023-04-03', '$2y$10$4P7JxZheSvmFMmvwC00uMOERylmXPokYjvasAHJWKVff32oWjW8U2', 1, NULL, '1680512636$2y$10$vWb.pM63qdxSIZ1byIRrmOOkQ0OpeNjRSygS96tSeqI.7RMfiE0Ju', NULL, 11),
('tangdangquan77@gmail.com', '3119410333', NULL, 'Tăng Đặng Quân', NULL, '1990-01-01', NULL, '2023-04-03', '$2y$10$eGCZUr6LFFZDRiFrSxszPOniq4aJuk5ikvi6igRfLEg7eUPAE6Xlq', 1, NULL, NULL, NULL, 11),
('quoc@gmail.com', '3119410364', NULL, 'Nhữ Quốc Anh Tài', NULL, '1990-01-01', NULL, '2023-04-03', '$2y$10$GlrVch226bVImXFOgRCVaeaab1JUVFfqKMkB/Hc/H/tUSJz4FVoeu', 1, NULL, NULL, NULL, 11),
('vomaianhthpt@gmail.com', '3120410039', NULL, 'Võ Mai Anh', NULL, '1990-01-01', NULL, '2023-04-03', '$2y$10$Xm6NKWUGX4WxgpFM2E7Hb.ETLWsGv9EcrX/aBZbqnkFeRXsi.eqTm', 1, NULL, '', NULL, 11),
('bonzusa456@gmail.com', '3120410049', NULL, 'Nguyễn Chi Bảo', NULL, '1990-01-01', NULL, '2023-04-03', '$2y$10$URn80r.crDLBxiauYW5pUOQNJ3G7w.Q3F.JL7MU7YdiIlWJmytGji', 1, NULL, NULL, NULL, 11),
('voquang17@gmail.com', '3120410057', NULL, 'Võ Trần Gia Bảo', NULL, '1990-01-01', NULL, '2023-04-03', '$2y$10$8vZHdKDmwA0YD/ix.vhORONk82Vo/3YWKtHfOKi7Zu1Pc9ytkbUNO', 1, NULL, '1683537526$2y$10$RXQWNkbXy7qh5LRAJigLm.Mrx47FuFcVx1EAAX8KZlPx4vtuWRyEK', NULL, 11),
('maicanhsvc@gmail.com', '3120410064', NULL, 'Mai Ngọc Cảnh', NULL, '1990-01-01', NULL, '2023-04-03', '$2y$10$xfzT4kEGAKRK1X4FVT2Uv.EiCVCH5t6yCoz8DWb5VIyTUju76iRaG', 1, NULL, NULL, NULL, 11),
('congkhpro291002@gmail.com', '3120410073', NULL, 'Nguyễn Chí Công', NULL, '1990-01-01', NULL, '2023-04-03', '$2y$10$ECjfxBc4i0mSbLdIBBq4ket62WgJ5uNhQfzGnZPv7NYFGwJmOfYQa', 1, NULL, NULL, NULL, 11),
('huynhthanhdanh9a4@gmail.com', '3120410077', NULL, 'Huỳnh Thanh Danh', NULL, '1990-01-01', NULL, '2023-04-03', '$2y$10$5RvfOnL0NbBanBzBNj7h3eUjAQ/c.zkMvS05pHcM/O2VNz6k.35DK', 1, NULL, '1683537589$2y$10$BJsBliRmuoavCaFN2oQG.eU6D7j7qNplUGPlqqMwOKo/c2QJZZbMS', NULL, 11),
('dung31072002@gmail.com', '3120410084', NULL, 'Nguyễn Văn Tiến Dũng', NULL, '1990-01-01', NULL, '2023-04-03', '$2y$10$hUZwO93egjmJKlFY2E657e90lY5d/GrogbQqy4yAB3KyLIUx4fOGS', 1, NULL, NULL, NULL, 11),
('huynhlamduylcd@gmail.com', '3120410089', NULL, 'Huỳnh Lâm Duy', NULL, '1990-01-01', NULL, '2023-04-03', '$2y$10$f77OWQalGXJRnNbS6kDqHeahi0mGE8GFbU8tFJdHzFedAL0nscJhO', 1, NULL, '1683539713$2y$10$dHLWOIIQzxtR9XKEcfGDB.9C2NXWOe1V/d9x7fbCSjh0Th4Q7Zh1e', NULL, 11),
('2002nguyenkhacduy@gmail.com', '3120410094', NULL, 'Nguyễn Khắc Duy', NULL, '1990-01-01', NULL, '2023-04-03', '$2y$10$BYIGSyLw6pL1CDenXRN8GeSTiacxO876gHLflRPYYIn6BoyA9OtVK', 1, NULL, '1683539546$2y$10$mk8rFH4Mpk.YXNgHeoOU7OPFiQEZ.3FPqilWXiiWuIlK/EXVo3ncu', NULL, 11),
('lexuanduc147@gmail.com', '3120410138', NULL, 'Lê Xuân Đức', NULL, '1990-01-01', NULL, '2023-04-03', '$2y$10$Q.n2ZwlLSWdFExtVu.PFkOA4XMfYjO1GKr/3WavM1ZIcLJ.HsnW2a', 1, NULL, NULL, NULL, 11),
('', '3120410167', NULL, 'Đỗ Minh Hiếu', NULL, '1990-01-01', NULL, '2023-04-28', '$2y$10$c0s/YBe1d7utc90YCIwpZOxmvQI2Ti1nVpmOePifCEo9W8xjLtt6S', 1, NULL, '', NULL, 11),
('dantedmc1134@gmail.com', '3120410241', NULL, 'Nguyễn Tuấn Anh Khanh', NULL, '1990-01-01', NULL, '2023-04-03', '$2y$10$.7E4WnEyAkHLK.1mcys1AueUlrPmckRFK9BY7PZcd6Ju3sUhkAyti', 1, NULL, NULL, NULL, 11),
('', '3120410251', NULL, 'Lê Duy Khôi', NULL, '1990-01-01', NULL, '2023-04-28', '$2y$10$q9E9S/lrbgWEiWnvUSunhujxcuB03w4N9mAxJUwIKqkjT5IznYREe', 1, NULL, '', NULL, 11),
('', '3120410277', NULL, 'Đào Ngọc Linh', NULL, '1990-01-01', NULL, '2023-04-28', '$2y$10$upysB1tgzHEajV3stIbChOeSCldAH73zUcQe4lf669gMOHtXlrbdK', 1, NULL, '1683514077$2y$10$ut.ZjaBxddx3oeuA0JQrfOPtHBlVb7zMU7.zdL1qfUG81c4sCgKYe', NULL, 11),
('', '3120410293', NULL, 'Nguyễn Trương Tấn Lộc', NULL, '1990-01-01', NULL, '2023-04-28', '$2y$10$tXVZXrvtlN0SoedxtW8oy.cA9ZIUEbJQ9gnHYMt1mb5Yl9g.IZD6e', 1, NULL, '1683462659$2y$10$5ivNF9oYZXZEgRzxU6wTSOWWwDNlclqQQXY0y5UZQ82tmqVhJ.4RW', NULL, 11),
('vanluong30112002@gmail.com', '3120410309', NULL, 'Nguyễn Văn Lương', 1, '2002-11-30', NULL, '2023-04-03', '$2y$10$htQnv1w1Yrgvu2SRnLiOm.aWMU.HRT.CBCbzjxXrsbcXZRcksFLXK', 1, NULL, '1683540147$2y$10$mGfFjoky.SYwc8MmdbCneeSz50elaisrg10iSlETSJ/0Jdk1ss/1O', NULL, 11),
('', '3120410324', NULL, 'Lý Tuấn Minh', NULL, '1990-01-01', NULL, '2023-04-28', '$2y$10$AXDs43ZyKHL7EVEZIJctFeNu8PCc1H3JluGINM.X.wCCdRQmB2zcq', 1, NULL, '', NULL, 11),
('', '3120410334', NULL, 'Huỳnh Ngọc Nam', NULL, '1990-01-01', NULL, '2023-04-28', '$2y$10$gWN1w8jxnQjx30RcjyKEOuOUjmLCKpZ9z.Tpwr43Tdn/DJIYpFAUe', 1, NULL, '', NULL, 11),
('toilanam12309@gmail.com', '3120410335', NULL, 'Nguyễn Thành Nam', NULL, '1990-01-01', NULL, '2023-04-03', '$2y$10$YEtZaugxaobZuI276TNHdOPBQfjO74CHIave.2xD6qO3APvdx3/Eu', 1, NULL, NULL, NULL, 11),
('', '3120410347', NULL, 'Bùi Minh Ngọc', NULL, '1990-01-01', NULL, '2023-04-28', '$2y$10$inlJRGUB7eB5JMZFqxfQWeK7TzMTk1ynNShWNLX7CfSnq.9ztsV/e', 1, NULL, '1683462871$2y$10$jiHn/KzM.6n8L.QT0LXqCOSN40IICkGKvNjmtMYJNZ6UNlM/ktQm.', NULL, 11),
('nghkhoinguyen2404@gmail.com', '3120410353', NULL, 'Nguyễn Hoàng Khôi Nguyên', NULL, '1990-01-01', NULL, '2023-04-03', '$2y$10$.9Zn9e8VG5aw8UmEvsPOVOlUVVVGgzAwofPYhtDnEeF5DbpkJ4VU.', 1, NULL, '1683539979$2y$10$5xR9krBhZgD/4UEBHqH7eOJyYL5aPD/M1VVIPOQCDxoVBE2g9ZLPi', NULL, 11),
('sinhtruongvo@gmail.com', '3120410452', NULL, 'Võ Trường Sinh', 0, '1990-01-01', NULL, '2023-04-03', '$2y$10$j77VdE0wuJJK/q1ESUJ5Auzsk3AbTih1rhpEC/5y6LNf4x4oYavUO', 1, NULL, '1683540773$2y$10$kqnjLwgtf1hFkEihvwlzluFHM42Q5wm6NSbqZCx9PZLxRLGK4/9Oq', NULL, 11),
('thanh@gmail.com', '3120410473', NULL, 'Nguyễn Hữu Nhựt Thanh', NULL, '1990-01-01', NULL, '2023-04-03', '$2y$10$DCsJH6wxveYWPzj8EPtxIuYs2ZG/DairTsG104VY8FUtqU2DGq/Ku', 1, NULL, NULL, NULL, 11),
('Pham.tuanred@gmail.com', '3120410589', NULL, 'Phạm Thanh Tuấn', 1, '1990-01-01', NULL, '2023-04-03', '$2y$10$YLBnzdhTl.1.k5cZ1Ha5EOw.DpvE3pOiohi6zjeKQJWbHhkT36jLO', 1, NULL, '1683540390$2y$10$aHEgNpIjGCpuGRphBBay/e2.Y6KBB.7RVLrNb3wOQhV8banycgJIC', NULL, 11),
('', '3120410606', NULL, 'Lê Thái Vi', NULL, '1990-01-01', NULL, '2023-04-28', '$2y$10$RvwSyioWi7PBWggcosr3EePZNftfVEoxonwmfzw2VrvqPth0YUb4.', 1, NULL, '1683470738$2y$10$yIzwIRzFmgcAov6OxnRbDO9eVdZiwHvoxkkkYx5RkmNi74DgmjtYS', NULL, 11),
('', '3120410607', NULL, 'Hà Quốc Vĩ', NULL, '1990-01-01', NULL, '2023-04-28', '$2y$10$yYHG7wNM2pI/74EHtY1dCuDdaHq2FEryLyRCRhL989HpfEjURcCDa', 1, NULL, '', NULL, 11),
('', '3120410609', NULL, 'Lê Hồng Việt', NULL, '1990-01-01', NULL, '2023-04-28', '$2y$10$RStZiAV2xK6r9UGlojuFQeUZ4wSooXBHSPD3jOCc7Fc0nuIh5labC', 1, NULL, '', NULL, 11),
('quangvinhlai123@gmail.com', '3120410613', NULL, 'Lai Quang Vinh', NULL, '1990-01-01', NULL, '2023-04-03', '$2y$10$xF2MK2kA8WLj3byHYw6l1OL/CXL7SmrvttS.Fp7htVyN.vG1kUNdm', 1, NULL, '1683540153$2y$10$za8Udckqo3m32Buab8fQSOHcz5I1oTK0HpK3g9jDSnEUHM35pqxpu', NULL, 11),
('Phamhaovinh2002@gmail.com', '3120410618', NULL, 'Phạm Hào Vĩnh', NULL, '1990-01-01', NULL, '2023-04-03', '$2y$10$55rJmu1LBI19euif6j8o9.8QtsRUh7ZDFFOaPV73r0eYBuSUl6.K.', 1, NULL, '1683540136$2y$10$Q8IR3z5APG4gDEigP7Lmwuzr1u6greDc0vrPlFiInupex4VZL.1rq', NULL, 11),
('hieu01654661521@gmail.com', '3120560026', NULL, 'Ngô Minh Hiếu', NULL, '1990-01-01', NULL, '2023-04-03', '$2y$10$879FBwxFefMQCIXlnMA6RuJfwG6.FSubAm3FPVgNrxaMRw9if0A3q', 1, NULL, NULL, NULL, 11),
('', '3120560034', NULL, 'Phùng Đức Huy', NULL, '1990-01-01', NULL, '2023-04-28', '$2y$10$/lZFffp3mo36H/Qw/2wIS.j9pOd.ZVIq2cPRa/emEStUxEz6fS2gW', 1, NULL, '', NULL, 11),
('', '3120560043', NULL, 'Nguyễn Anh Khoa', NULL, '1990-01-01', NULL, '2023-04-28', '$2y$10$JgqJFgSf8fDwP0EuHYMUuuZbiUF17CAf9Sq5QXO5.PH33Shj7rTEu', 1, NULL, '', NULL, 11),
('vongcongmenh2k2@gmail.com', '3120560059', NULL, 'Vòng Cỏng Mềnh', NULL, '1990-01-01', NULL, '2023-04-03', '$2y$10$6gnPQ096ZxMjTOe/OQbSJun1z1xDD1HsQFce2suoBhqaJbt8iejC2', 1, NULL, '1680512846$2y$10$bTCX03tAi74LEt6LbxElkeFUS6YicY/dSednN2W2lcimFPTIKD3zK', NULL, 11),
('namhoang.240102@gmail.com', '3120560062', NULL, 'Hoàng Nam', 1, '1990-01-01', NULL, '2023-04-03', '$2y$10$t/OhZW54xSbLVy3SQHaVBuG/iY6XU7B3memc.xJxgud8Rhm8/Q67W', 1, NULL, '1680513147$2y$10$8kSAHqM2Zu1c9Ke8aA7dOOmvi9uGLYdRhCBktRKbJSaBTpdGt8O0S', NULL, 11),
('huynhkhaphiprovip@gmail.com', '3120560072', NULL, 'Huỳnh Khả Phi', NULL, '1990-01-01', NULL, '2023-04-03', '$2y$10$WW9udJ1QOBZ.pf9UrenrjOujLfMEJsjYALowcCrysd70JgQ0B.6Qq', 1, NULL, NULL, NULL, 11),
('syphu1995@gmail.com', '3120560073', NULL, 'Nguyễn Văn Sỹ Phú', NULL, '1990-01-01', NULL, '2023-04-03', '$2y$10$hWUR2m6Ev6C/0ZzLcWmDEuXSY/DmHFHG4NsnFRTzJLXIXWgOFdXzO', 1, NULL, '1683540089$2y$10$HXXiHG4WtQXUKL.tEmy9BufZGJbQYtD94qN4yNHPUU5TBiRSTrunq', NULL, 11),
('nguyenminhthao12b1@gmail.com', '3120560090', NULL, 'Nguyễn Minh Thao', NULL, '1990-01-01', NULL, '2023-04-03', '$2y$10$1LL2X5mCFbzz.C5FrxV9a.SRT4r5ZMbEd3SmuigLUhb6mFHxomF52', 1, NULL, '1680512911$2y$10$1qUlM8g4g409Yr/DP7mJ1uOVHOB8KnTgUMG/SciSc.J1BwlaUetY2', NULL, 11),
('thongnguyenhkt@gmail.com', '3120560093', NULL, 'Hoàng Lê Anh Thông', NULL, '1990-01-01', NULL, '2023-04-03', '$2y$10$Ewocrys2tTbcjdK92PcO/uWDErpHAu6eRAiDtGEzcy58DUCBCsWmS', 1, NULL, '1683537581$2y$10$vO9aUm.oB.Y1GH1oAKJZauiF1/m2LkJhEpqO40Kvcmor9q53sBoKm', NULL, 11),
('tbt31103@gmail.com', '3121410021', NULL, 'Trần Bảo Trân', NULL, '1990-01-01', NULL, '2023-04-03', '$2y$10$fdKWQ21Y8vxpdJFNJKCBCu/nq13I3v0l/8L0jbDCRNNXyj/EMqPHS', 1, NULL, NULL, NULL, 11),
('', '3121410023', NULL, 'Tiền Minh Vy', NULL, '1990-01-01', NULL, '2023-04-28', '$2y$10$9z74EiTcPlaqUL7LNPwzWuHgWMpxMtMB0SVEUzzWCC9JMfTKM36uO', 1, NULL, '', NULL, 11),
('', '3121410055', NULL, 'Nguyễn Thế Anh', NULL, '1990-01-01', NULL, '2023-04-28', '$2y$10$toHJWgczF2JfB08qMFmM3.DFG4HsYkEJbOLjjyr.L.JPMyp2Aey/q', 1, NULL, '1683457910$2y$10$HbKZj90IJkakjGX/U.pfSuuGkdHN5pzGIa9ACUWCANl7UUbY5hHMC', NULL, 11),
('hongbao2003@gmail.com', '3121410066', NULL, '4t43t43t', 1, '1990-01-01', NULL, '2023-04-28', '$2y$10$ib0wHQ/FkcyjGoagvnjwreo/iBfxHMNkDH9yUQaZNe6MJdRLApnlS', 1, NULL, '1683470910$2y$10$c2jyxhipFXM36BV2IwieVeqLngFSzXd0rgSOXlfPFqyaS3U7txr..', NULL, 11),
('musicanime2501@gmail.com', '3121410069', '108675578517307783995', 'Hoàng Gia Bảo', 1, '1990-01-01', NULL, '2023-04-03', '$2y$10$Sl9rcyYDjBHs5jNLWIqODuPm.zZ3DITUzvfh/pUTa/hiAneoAaekm', 1, NULL, '1683519157$2y$10$UMzpMnMb9V0AkncK57t3s.CiFmHehfFIwpsKzgYfmQM1bBmccSDYq', NULL, 10),
('', '3121410070', NULL, 'Hoàng Gia Bảo', NULL, '1990-01-01', NULL, '2023-04-28', '$2y$10$vMhh29Z7KaXugu31.ptyWuymcy0qOrAg/G/Zl2cJvtTb.xal8/326', 1, NULL, '', NULL, 11),
('', '3121410082', NULL, 'Nguyễn Thanh Bình', NULL, '1990-01-01', NULL, '2023-04-28', '$2y$10$MEyUCDFJg0.2YdxClNvqW.aRcwMICZ0L6W0AtEml/zwidV1/N7ERW', 1, NULL, '', NULL, 11),
('', '3121410087', NULL, 'Mai Trung Chỉnh', NULL, '1990-01-01', NULL, '2023-04-28', '$2y$10$8QsbwByesBJ1ZKJd3NxSsuQzIvTT4W5S7omUnjAna1j50wNqsKEWe', 1, NULL, '', NULL, 11),
('chuongle.nt1@gmail.com', '3121410092', NULL, 'Lê Viết Chương', NULL, '1990-01-01', NULL, '2023-04-03', '$2y$10$ZxxobCLP6W1oeSWUJ9ZYO.npRWtLovaKgP34J9iUusFUNPobCErNe', 1, NULL, NULL, NULL, 11),
('', '3121410131', NULL, 'Trần Hải Dương', NULL, '1990-01-01', NULL, '2023-04-28', '$2y$10$7wd/yjoGyzYT6Gwr8BfHZejCOP8tbdUrpnc98/cgIht1kTYrXPPm6', 1, NULL, '', NULL, 11),
('dannguyen11003@gmail.com', '3121410137', NULL, 'Nguyễn Đào Linh Đan', NULL, '1990-01-01', NULL, '2023-04-03', '$2y$10$3aOFXhIc3sohxi44I9iHmOZ04LN546Q.OZcB0MJ93mPWZTq7KN2M2', 1, NULL, '1683773033$2y$10$gstLgBQ3QjcIhbP0KwPR1.6Mf2WjzPGNrUn0SWPImXLMnK4pT7kNu', NULL, 11),
('datnt653@gmail.com', '3121410146', NULL, 'Nguyễn Thành Đạt', 0, '1990-01-03', NULL, '2023-04-28', '$2y$10$mDTPvAv8wQpC2I7wGiOeVefr1sle6iGQD0l8.1hdSMVs0uls3T2v.', 1, NULL, '1683689752$2y$10$F1WXCGrmVB56tToaIVEB2eQgHaRxee1eKIxGpU38xIHoAbicXBCVq', NULL, 11),
('', '3121410154', NULL, 'Nguyễn Phương Điền', NULL, '1990-01-01', NULL, '2023-04-03', '$2y$10$RyWYKlrXAWpd4WReSv.QS.YInoV4k9AsCfh8Js2prFN.9BzOiKNJC', 1, NULL, '', NULL, 11),
('', '3121410182', NULL, 'Trần Vĩ Hào', NULL, '1990-01-01', NULL, '2023-04-28', '$2y$10$oxLthPWNqlj2r1kj.Jm/cOpeetvHmAO/zDENlb2aVEb00ozIWbc8q', 1, NULL, '1683489792$2y$10$.qPcu1pDSvXr1nogpHwJO.PMwn5nlJnQEbgmFM.HUNu75fqCMGeIS', NULL, 11),
('nguyenhoanghiep478@gmail.com', '3121410190', NULL, 'Nguyễn Hoàng Hiệp', NULL, '1990-01-01', NULL, '2023-04-03', '$2y$10$wYLbDTa.lxXm7HUMBbkJae/UpWIR9ekY9QZc8WcBJAafuehCMtmhy', 1, NULL, NULL, NULL, 11),
('abc@gmail.com', '3121410205', NULL, 'Vi Thị Hoa', 0, '1980-01-01', NULL, '2023-04-28', '$2y$10$rUi3GhWDHocClNI4ij7D9u89gn3467lRwzFAFesG14sfPGAjHIYCO', 1, NULL, '1683489626$2y$10$8uAiX5n8bq0GVWJuFqFEOOOL/DHd7IPN83EWvGziWlGUieMo/5/Iu', NULL, 11),
('xuanhoang03@gmail.com', '3121410208', NULL, 'Đỗ Ngọc Xuân Hoàng', 0, '1990-01-02', NULL, '2023-04-28', '$2y$10$frWegA4Rzr/3inWRAyxAKufWlU1x8tPLcXNcWKDO.NJuSpZqJyF4O', 1, NULL, '1683498229$2y$10$XKKEpltNptHnF9YNyeOGCeNqygkgACl3cvch8xlZU1dzV2kAdEpu6', NULL, 11),
('', '3121410210', NULL, 'Lê Long Hoàng', NULL, '1990-01-01', NULL, '2023-04-28', '$2y$10$Cz7KtWT474YFwuqEz.A1S.42L.JwE.YMNMpHbpmt3n.yO2d.Ydx1G', 1, NULL, '1683489973$2y$10$w..yr7/1h3m1lQSAntmn5Onylxt.Ly0srCd0qiz3M4XXGFCnzzn1W', NULL, 11),
('Emilia@gmail.com', '3121410212', NULL, 'Nguyễn Huy Hoàng', 1, '1990-01-01', NULL, '2023-04-28', '$2y$10$oK4DY2bf6vj3jAx7SpjrzeTK4PWyZg3XNi6XnlKM9xfoTkJ2/Wj2W', 1, NULL, '1683490056$2y$10$MOE5NT.IdnG0XcZrBg/z3Oka1ejppljqXGDKbpYr1AkaMUQMOELA.', NULL, 11),
('hoangdztv001@gmail.com', '3121410215', NULL, 'Võ Đinh Xuân Hoàng', NULL, '1990-01-01', NULL, '2023-04-03', '$2y$10$eyxsIWoPfbKWMlrs.JeiQeOWXST2J3RXMU6aDxtJK1pjDLeRdKUum', 1, NULL, NULL, NULL, 11),
('anhhuy2452003@gmail.com', '3121410223', NULL, 'God_Simon5649', 0, '1990-01-01', 'trieulotu-6458bef447093.jpg', '2023-04-03', '$2y$10$1BySR7R6onKegw1/NtyByuoT5Qk4F4qSG9m/zEKsCYLqq./Yk4vLq', 1, NULL, '1683538360$2y$10$w7zcT3/dQWgRa3IUZfEIHu5Ma9y2u.SOR1npXwQ.uOL3rlmFMafLu', NULL, 11),
('', '3121410236', NULL, 'Biện Thành Hưng', NULL, '1990-01-01', NULL, '2023-04-28', '$2y$10$xRSlSt4FGsO/kKh5JaLMC.I2UoGDeMmue/V8GaabZpH86hF2lpCWK', 1, NULL, '', NULL, 11),
('', '3121410265', NULL, 'Nguyễn Huy Khiêm', NULL, '1990-01-01', NULL, '2023-04-28', '$2y$10$2rHf.OmSfPkXBEGtsbkHHOtUrRoFWv8Y9G6GFrFcIu5SJxnKJO3EK', 1, NULL, '', NULL, 11),
('', '3121410274', NULL, 'Nguyễn Nhật Khoa', NULL, '1990-01-01', NULL, '2023-04-28', '$2y$10$FKhRJbb6sMs2VVOT4AhVWurzDb8IFMZkJrd.ofS7ZaR16xMi1ulXq', 1, NULL, '', NULL, 11),
('a@gmail.com', '3121410284', NULL, 'Lê Trung Kiên', 0, '1990-01-01', NULL, '2023-04-28', '$2y$10$ko8sCTrJ8S4lTXZpDA4z0.MNXkdNCmiJEeI9hHlp0YDrtHaura3RC', 1, NULL, '1683490744$2y$10$4WbIg7ewza5Te2WFIIqkC.fG9hXpYEEPNhSK97AWTGT/0E9XqFBbK', NULL, 11),
('quanglinh1023m@gmail.com', '3121410294', NULL, 'Trần Quang Linh', 1, '1990-01-01', NULL, '2023-04-28', '$2y$10$z6GPpPZhabHaczzVfEyCq.HBQtttnwocEoe.5tDnsDl6UiZ29rPWS', 1, NULL, '1683490278$2y$10$EKOPY74qz46ZTp2hPC43/OLjt3j64DDd2mRJyOR1tyDORJEd9zefi', NULL, 11),
('', '3121410304', NULL, 'Trần Dương Đắc Lộc', NULL, '1990-01-01', NULL, '2023-04-28', '$2y$10$uHwjiP7sAdLoMXhGuy6ttO8E.IHcz7CU954VSPiSwyJmMKPceXo06', 1, NULL, '', NULL, 11),
('maine14022021@gmail.com', '3121410314', NULL, 'Võ Xuân Mai', NULL, '1990-01-01', NULL, '2023-04-03', '$2y$10$ryfZzo0aCYLA46ZSMNRDN..NsefqN9fyXFuLOrqQZlWqKk8N74HSi', 1, NULL, '1683538029$2y$10$Aj6lx7FWHX7iLO4aQKdI0ugouaeHTq/O91kjCA6sPnifbJlgi62ta', NULL, 11),
('minhkhung040601@gmail.com', '3121410321', NULL, 'Nguyễn Hoàng Minh', NULL, '1990-01-01', NULL, '2023-04-03', '$2y$10$byepbTdGjSRvuoYZ/l3sPuGasVDVbPS0KHSkeGwwxw0hJQeCPDVAi', 1, NULL, NULL, NULL, 11),
('mymin00007@gmail.com', '3121410326', NULL, 'Võ Thị Diễm My', NULL, '1990-01-01', NULL, '2023-04-03', '$2y$10$0eynM/cn8LQV0PRizhfJAeLSz1pJ/WPRKVcFo62GA8ZFQHj1aDwNq', 1, NULL, NULL, NULL, 11),
('', '3121410330', NULL, 'Lê Hoài Nam', NULL, '1990-01-01', NULL, '2023-04-28', '$2y$10$MGV1S3aiiKaYbwqLcm450eySV.Xsz0Hc13b2Kc8oEGfSPw9luSILK', 1, NULL, '', NULL, 11),
('', '3121410353', NULL, 'Trần Khôi Nguyên', NULL, '1990-01-01', NULL, '2023-04-28', '$2y$10$TFwaAh8B/Yyp0rtMx1SwFeZYIYmAv3lMaTmrt9vWAl0HTal5dK.zO', 1, NULL, '', NULL, 11),
('nhienau@gmail.com', '3121410370', NULL, 'Âu Hạo Nhiên', 1, '1990-01-01', NULL, '2023-04-03', '$2y$10$mvSP064FKahEDzBXECoIBeHIXu9iYwwUTEDcQ2FduItyRJor2QTYO', 1, NULL, '1683537540$2y$10$mreNi3SJWFUYKGCtVALm/.KPPBJz7zfJmrv7Nn.yl8j6fQWugA3ly', NULL, 11),
('', '3121410374', NULL, 'Nguyễn Văn Ninh', NULL, '1990-01-01', NULL, '2023-04-28', '$2y$10$BLkPDhmDSNKubYrt3ENZzeOjj/aOfr7lkCVxatZXBVk8RkNauXTmy', 1, NULL, '', NULL, 11),
('', '3121410379', NULL, 'Nguyễn Tiến Phát', NULL, '1990-01-01', NULL, '2023-04-28', '$2y$10$UholqGm5COSlDiJI/X42Xu2xwEodQUKM0O0rH9RvphWgiue3CQVw.', 1, NULL, '1683471577$2y$10$mi7/7szNFyhtlC1Jxdu73unoQP/NsQ4OXhPNIiuEjM6G9THBS1hou', NULL, 11),
('', '3121410383', NULL, 'Nguyễn Thanh Phong', NULL, '1990-01-01', NULL, '2023-04-28', '$2y$10$AY3ZFJvjP9fQIt0AKJvZhegoPF8f7ATiM/85KTjlCeAbFxj9K7oee', 1, NULL, '', NULL, 11),
('', '3121410401', NULL, 'Trần Như Phú Quang', NULL, '1990-01-01', NULL, '2023-04-28', '$2y$10$0PJJJ9Xnl0M1JaO6yQC7c.oYfAEg6yH1LdzzoQc2aXMSdJf5lhcvS', 1, NULL, '1683471334$2y$10$ZtS11cScfoYpxyMFBZ2VnuaxCji0jYog0RGQr8V1BM/jsM5sAHbMW', NULL, 11),
('', '3121410417', NULL, 'Nguyễn Ngọc Sang', NULL, '1990-01-01', NULL, '2023-04-28', '$2y$10$MHJV7P1ikocVLk224Qc6Pepqv/Faa.KM0pOpro6X3vs4yQBmkaC7O', 1, NULL, '', NULL, 11),
('transinh085@gmail.com', '3121410422', '100101229550800922586', 'Trần Nhật Sinh', 1, '2003-12-20', 'avt-642a79bfbf4dd.jpg', '2023-04-03', '$2y$10$F3FQFNZwijEhnKf4EVrkVeaJNtW0icztly.M4sNrHn2GDsT1DsARy', 1, NULL, '1683780315$2y$10$Xx/WCmTf5dE4TmWpSFXaIuJTJAeDppGzc2rMWCjxadie24VQnkgm6', NULL, 1),
('', '3121410425', NULL, 'Nguyễn Ngọc Sơn', NULL, '1990-01-01', NULL, '2023-04-28', '$2y$10$.G55sVqwn9nX1aSgE6inmONpV3P4oevHQnyl9bi01tIJpGLtC9dGu', 1, NULL, '1683490370$2y$10$dRfCU0tkVOpa3T7vFspPVeXbdQelpu.UYLqD4v.Hb4Ljfwa2c4rVO', NULL, 11),
('', '3121410482', NULL, 'Nguyễn Minh Thuận', NULL, '1990-01-01', NULL, '2023-04-28', '$2y$10$PZ6A6jTsDEv1A3gk1hc/oOfNCYibe7lv0TXHX8a37nNtnQhshFI7G', 1, NULL, '', NULL, 11),
('', '3121410531', NULL, 'Võ Thanh Trọng', NULL, '1990-01-01', NULL, '2023-04-28', '$2y$10$ZV7euI8DbBpDSYEhSnJUAufB27/WmQnQyYucSDGyM8NEwf1ArvhpO', 1, NULL, '', NULL, 11),
('hvthanhtruc121203@gmail.com', '3121410532', NULL, 'Hoàng Vũ Thanh Trúc', NULL, '1990-01-01', NULL, '2023-04-03', '$2y$10$2wpxS910jWaIclHRRwjDuurPPR2Ze8d8VBQwJFWDNlKe4k86XBLIy', 1, NULL, '1683538040$2y$10$bVgQGnTzc6O6WMEjemwrMuMGNsNXAe6gB610Q8KgY3U9sEHuGCTnW', NULL, 11),
('Nguyenminhtruong0905@gmail.com', '3121410541', NULL, 'Nguyễn Minh Trường', NULL, '1990-01-01', NULL, '2023-04-03', '$2y$10$X02R.wyQI0gxbfollpZygeX.cHiJUiFDavrznvi79kSDiiSHFxzkm', 1, NULL, NULL, NULL, 11),
('pham.tu1343@gmail.com', '3121410550', NULL, 'Phạm Thị Cẩm Tú', NULL, '1990-01-01', NULL, '2023-04-03', '$2y$10$5bVSCNCv7fhpq7ZgyS0ZMeGAqZEOeiZ/WW74YLO/NrJaEer36sHXa', 1, NULL, NULL, NULL, 11),
('hcjcj@gmail.com', '3121410555', NULL, 'Mạch Hạo Tuấn', 1, '1990-01-31', NULL, '2023-04-28', '$2y$10$lpwujU/UfvPPRE/ioyZuvOGVtBseogPJ.BVwUWNoSin.Az7M568B.', 1, NULL, '1683490586$2y$10$gJomXo7EL8DRbwWe2ABlROJClOvg0W/4Nxfd5AB7uUJdZzifBf49y', NULL, 11),
('', '3121410559', NULL, 'Nguyễn Minh Tuấn', NULL, '1990-01-01', NULL, '2023-04-28', '$2y$10$X8/hRlZIZaweZH.70SRbPujy65LVZOkrb4nTk7wO.OeTqBlAD8aQO', 1, NULL, '1682675457$2y$10$PuhHj/vJD4w8lZpmKCw3ZOpR.v3ZbcSTZmywaA4yOeQHF4LZHewru', NULL, 11),
('', '3121410585', NULL, 'Nguyễn Yến Vy', NULL, '1990-01-01', NULL, '2023-04-28', '$2y$10$i0NJBb4OAd5kFW6Ax6xuyOibCN4Vu4X0jWxGKZOqediaTFn/hmKsK', 1, NULL, '1683490384$2y$10$Sw6BR1diMd/cciP.1c3NxeAU3UJUdxjuJCPGfno3cfZqkTLA.d5Ea', NULL, 11),
('', '3121560017', NULL, 'Trần Đức Chánh', NULL, '1990-01-01', NULL, '2023-04-28', '$2y$10$gMYFUgK3ezkULN7nDb9PSewfFZRqRszb6kqWMfI4O9u3299bBdcES', 1, NULL, '', NULL, 11),
('', '3121560022', NULL, 'Nguyễn Thanh Duy', NULL, '1990-01-01', NULL, '2023-04-28', '$2y$10$OThIhu9eXVZXxZ.ialso2uVX/qnFbpLi3qybz7ZvxeVatEJiN/1oG', 1, NULL, '', NULL, 11),
('', '3121560023', NULL, 'Võ Khương Duy', NULL, '1990-01-01', NULL, '2023-04-28', '$2y$10$clMKb2/fg2xAJEyyUEVXFexT18aBvi7SX3HUyEFE7bhtt0khejysS', 1, NULL, '', NULL, 11),
('', '3121560025', NULL, 'Đỗ Tiến Đạt', NULL, '1990-01-01', NULL, '2023-04-28', '$2y$10$CCJCfMLZI2OEmm0v2JPqYeYG5Qy7Z1HSyWKM61Gkb1cpeKEQCHKa2', 1, NULL, '', NULL, 11),
('tienhai488@gmail.com', '3121560029', NULL, 'Lê Tiến Hải', NULL, '1990-01-01', NULL, '2023-04-03', '$2y$10$PVzQoJtfubSWFfj0gZUuPe4tEIT.OJfyVvwwWMjrhEF0rbAohsPWy', 1, NULL, '1680512474$2y$10$YPWrgWDI/sNkl6vGk46mXOzvxqcvsP8Ir/PFL.9ypGi5MiSGEZ6AS', NULL, 11),
('hn26677@gmail.com', '3121560033', NULL, 'Nguyễn Trương Khánh Hoàng', 1, '1990-01-01', NULL, '2023-04-28', '$2y$10$9LZCH7U7t82W26ZuQrcctegn9GO49YNoT2pDlP4JCrsHG5Bz0zATq', 1, NULL, '1683085032$2y$10$XgJY/4wo7POTYc6sT3Wvi.Wn7dlJSmfVuttPLsPnb3j1kQJYoiGGG', NULL, 11),
('ngochuy09123@gmail.com', '3121560037', NULL, 'Nguyễn Ngọc Huy', NULL, '1990-01-01', NULL, '2023-04-03', '$2y$10$ogj1F0OCj831XPj4w1dMiejilcnXDbiuyW.msIR5V50snaKjoXoQu', 1, NULL, '1680512961$2y$10$.8F.AfwkQDLXmAl/NQlnoOEuEyU//gNQCFfPpmRiq/AAy6Yrt.R1K', NULL, 11),
('', '3121560038', NULL, 'Nguyễn Phúc Huy', NULL, '1990-01-01', NULL, '2023-04-28', '$2y$10$4iZzMEJFgNDd9R1iY5EsEeeJaiK353dp8lL4gWs1/oCeHsWC4Csmi', 1, NULL, '', NULL, 11),
('', '3121560043', NULL, 'Nguyễn Nhật Khải', NULL, '1990-01-01', NULL, '2023-04-28', '$2y$10$.mWyI3q9VP2ZXQ9mKQ6SaOcAKCjj/tEbooZtoSTVogp1jjW1zVmfW', 1, NULL, '', NULL, 11),
('', '3121560045', NULL, 'Nguyễn Hữu Khiêm', NULL, '1990-01-01', NULL, '2023-04-28', '$2y$10$QO3E1ynDP7bQf5dE442su.iVTBeA4TRAuqUB5Gxky.B0t4smY15Oi', 1, NULL, '', NULL, 11),
('', '3121560051', NULL, 'Nguyễn Hoàng Luân', NULL, '1990-01-01', NULL, '2023-04-28', '$2y$10$RRMniRjjS0QQ3tVmWdlXmeqOxJQSO9fPzbBAtiamJeLCX9WtW.ONq', 1, NULL, '', NULL, 11),
('tranphap0407@gmail.com ', '3121560065', NULL, 'Trần Anh Pháp', NULL, '1990-01-01', NULL, '2023-04-03', '$2y$10$OlmMK7SnKfHG3joD2rOhDufp8jKx03vvvtyerA5KCT/rvMO0t/DyC', 1, NULL, NULL, NULL, 11),
('sonnguyen352003@gmail.com', '3121560078', NULL, 'Nguyễn Hồng Sơn', NULL, '1990-01-01', NULL, '2023-04-03', '$2y$10$7DE3CMIJar7hLK9Gx.rMxOahpqV0TfUqFiS1MwfRM50ZKBHFhzJme', 1, NULL, '1683540615$2y$10$xOlYstKjSrQWEhtV6lUGIOChQD3UDahVEdTkx4Fx1vpVKxpzbHoOO', NULL, 11),
('emlatam026@gmail.comdsadadsadsa', '3121560080', NULL, 'Tam Xinh', 0, '1990-01-27', NULL, '2023-04-03', '$2y$10$76J0rFIqPFp0q4ankZJpherOp6X3Ls7FkcJ6B.TbTSY4378lI9RsC', 1, NULL, '1683540176$2y$10$xJ/f/RdiLWou.ahngoHuAuq6fbWug3nwk8BbvkN65CXAWWYOb5i9u', NULL, 11),
('', '3121560087', NULL, 'Trần Khang Thịnh', NULL, '1990-01-01', NULL, '2023-04-28', '$2y$10$Np0SBktt3LOJcTw7oV5P6.sO4wcTQqYQB6FY4JnwzVCnvU1uRW4j2', 1, NULL, '', NULL, 11);

--
-- Triggers `nguoidung`
--
DELIMITER $$
CREATE TRIGGER `delete_chitietnhom_by_id` BEFORE DELETE ON `nguoidung` FOR EACH ROW DELETE FROM chitietnhom WHERE chitietnhom.manguoidung = OLD.id
$$
DELIMITER ;

-- --------------------------------------------------------

--
-- Table structure for table `nhom`
--

CREATE TABLE `nhom` (
  `manhom` int(11) NOT NULL,
  `tennhom` varchar(255) NOT NULL,
  `mamoi` varchar(50) DEFAULT NULL,
  `siso` int(11) DEFAULT 0,
  `ghichu` varchar(255) DEFAULT NULL,
  `namhoc` int(11) DEFAULT NULL,
  `hocky` int(11) DEFAULT NULL,
  `trangthai` tinyint(1) DEFAULT 1,
  `hienthi` tinyint(1) DEFAULT 1,
  `giangvien` varchar(50) NOT NULL DEFAULT '',
  `mamonhoc` int(11) NOT NULL
) ENGINE=InnoDB DEFAULT CHARSET=utf8mb4 COLLATE=utf8mb4_general_ci;

--
-- Dumping data for table `nhom`
--

INSERT INTO `nhom` (`manhom`, `tennhom`, `mamoi`, `siso`, `ghichu`, `namhoc`, `hocky`, `trangthai`, `hienthi`, `giangvien`, `mamonhoc`) VALUES
(2, 'Nhóm 1', '82ec6cb', 17, 'Chiều thứ 2', 2022, 1, 1, 1, '3121410422', 841059),
(3, 'Nhóm 2', 'de7d132', 0, 'Chiều thứ 3', 2022, 1, 1, 1, '3121410422', 841059),
(4, 'Nhóm 1', '1b63ae2', 1, 'a', 2022, 2, 1, 1, '3121410422', 841464),
(5, 'Nhóm 2', '49091ff', 5, 'b', 2022, 2, 1, 1, '3121410422', 841464),
(6, 'Nhóm 3', 'bf6fcff', 21, 'c', 2022, 2, 1, 1, '3121410422', 841464),
(7, 'Nhóm 1', '50d2c10', 1, 'q', 2022, 2, 1, 1, '3121410422', 841107),
(8, 'Nhóm 2', '88adf27', 2, 'w', 2022, 2, 1, 1, '3121410422', 841107),
(9, 'Nhóm 3', 'a9a606e', 0, 'e', 2022, 2, 1, 1, '3121410422', 841107),
(10, 'Nhóm 1', '9b5e891', 0, 'ok', 2022, 2, 1, 1, '3121410069', 841464),
(11, 'Nhóm 4', '8f00e51', 16, 'Chiều thứ 2', 2022, 2, 1, 1, '3121410422', 841464);

-- --------------------------------------------------------

--
-- Table structure for table `nhomquyen`
--

CREATE TABLE `nhomquyen` (
  `manhomquyen` int(11) NOT NULL,
  `tennhomquyen` varchar(50) NOT NULL,
  `trangthai` tinyint(1) NOT NULL DEFAULT 1
) ENGINE=InnoDB DEFAULT CHARSET=utf8mb4 COLLATE=utf8mb4_general_ci;

--
-- Dumping data for table `nhomquyen`
--

INSERT INTO `nhomquyen` (`manhomquyen`, `tennhomquyen`, `trangthai`) VALUES
(1, 'Admin', 1),
(10, 'Giảng viên', 1),
(11, 'Sinh viên', 1),
(13, 'ok', 0),
(14, 'f', 0);

-- --------------------------------------------------------

--
-- Table structure for table `phancong`
--

CREATE TABLE `phancong` (
  `mamonhoc` int(11) NOT NULL,
  `manguoidung` varchar(50) NOT NULL DEFAULT ''
) ENGINE=InnoDB DEFAULT CHARSET=utf8mb4 COLLATE=utf8mb4_general_ci;

--
-- Dumping data for table `phancong`
--

INSERT INTO `phancong` (`mamonhoc`, `manguoidung`) VALUES
(841059, '3121410422'),
(841107, '3121410422'),
(841464, '111111'),
(841464, '3121410069'),
(841464, '3121410422');

-- --------------------------------------------------------

--
-- Table structure for table `thongbao`
--

CREATE TABLE `thongbao` (
  `matb` int(11) NOT NULL,
  `noidung` varchar(255) DEFAULT NULL,
  `thoigiantao` datetime DEFAULT NULL,
  `nguoitao` varchar(50) NOT NULL DEFAULT ''
) ENGINE=InnoDB DEFAULT CHARSET=utf8mb4 COLLATE=utf8mb4_general_ci;

--
-- Dumping data for table `thongbao`
--

INSERT INTO `thongbao` (`matb`, `noidung`, `thoigiantao`, `nguoitao`) VALUES
(1, 'fff', '2023-05-07 03:37:17', '3121410422'),
(5, 'Nay báo cáo đồ án', '2023-05-08 08:53:09', '3121410422'),
(6, 'Chúc các bạn một ngày vui vẻ', '2023-05-08 10:16:53', '3121410422'),
(7, 'okkkk', '2023-05-08 16:53:49', '3121410422');

--
-- Indexes for dumped tables
--

--
-- Indexes for table `cauhoi`
--
ALTER TABLE `cauhoi`
  ADD PRIMARY KEY (`macauhoi`),
  ADD KEY `FK_CAUHOI_NGUOIDUNG` (`nguoitao`),
  ADD KEY `FK_CAUHOI_CHUONG` (`machuong`),
  ADD KEY `FK_CAUHOI_MONHOC` (`mamonhoc`);

--
-- Indexes for table `cautraloi`
--
ALTER TABLE `cautraloi`
  ADD PRIMARY KEY (`macautl`),
  ADD KEY `FK_CAUTRALOI_CAUHOI` (`macauhoi`);

--
-- Indexes for table `chitietdethi`
--
ALTER TABLE `chitietdethi`
  ADD PRIMARY KEY (`made`,`macauhoi`),
  ADD KEY `FK_CHITIETDETHI_CAUHOI` (`macauhoi`);

--
-- Indexes for table `chitietketqua`
--
ALTER TABLE `chitietketqua`
  ADD PRIMARY KEY (`makq`,`macauhoi`),
  ADD KEY `FK_CHITIETKETQUA_CAUHOI` (`macauhoi`),
  ADD KEY `FK_CHITIETKETQUA_CAUTRALOI` (`dapanchon`);

--
-- Indexes for table `chitietnhom`
--
ALTER TABLE `chitietnhom`
  ADD PRIMARY KEY (`manhom`,`manguoidung`),
  ADD KEY `FK_CHITIETNHOM_NGUOIDUNG` (`manguoidung`);

--
-- Indexes for table `chitietquyen`
--
ALTER TABLE `chitietquyen`
  ADD PRIMARY KEY (`manhomquyen`,`chucnang`,`hanhdong`) USING BTREE,
  ADD KEY `hanhdong` (`chucnang`) USING BTREE;

--
-- Indexes for table `chitietthongbao`
--
ALTER TABLE `chitietthongbao`
  ADD PRIMARY KEY (`matb`,`manhom`),
  ADD KEY `FK_CHITIETTHONGBAO_NHOM` (`manhom`);

--
-- Indexes for table `chuong`
--
ALTER TABLE `chuong`
  ADD PRIMARY KEY (`machuong`),
  ADD KEY `FK_CHUONG_MONHOC` (`mamonhoc`);

--
-- Indexes for table `danhmucchucnang`
--
ALTER TABLE `danhmucchucnang`
  ADD PRIMARY KEY (`chucnang`) USING BTREE;

--
-- Indexes for table `dethi`
--
ALTER TABLE `dethi`
  ADD PRIMARY KEY (`made`);

--
-- Indexes for table `dethitudong`
--
ALTER TABLE `dethitudong`
  ADD PRIMARY KEY (`made`,`machuong`),
  ADD KEY `FK_DETHITUDONG_CHUONG` (`machuong`);

--
-- Indexes for table `giaodethi`
--
ALTER TABLE `giaodethi`
  ADD PRIMARY KEY (`made`,`manhom`),
  ADD KEY `FK_GIAODETHI_NHOM` (`manhom`);

--
-- Indexes for table `ketqua`
--
ALTER TABLE `ketqua`
  ADD PRIMARY KEY (`made`,`manguoidung`),
  ADD UNIQUE KEY `stt` (`makq`) USING BTREE,
  ADD KEY `FK_KETQUA_NGUOIDUNG` (`manguoidung`);

--
-- Indexes for table `monhoc`
--
ALTER TABLE `monhoc`
  ADD PRIMARY KEY (`mamonhoc`);

--
-- Indexes for table `nguoidung`
--
ALTER TABLE `nguoidung`
  ADD PRIMARY KEY (`id`),
  ADD KEY `FK_NGUOIDUNG_NHOMQUYEN` (`manhomquyen`);

--
-- Indexes for table `nhom`
--
ALTER TABLE `nhom`
  ADD PRIMARY KEY (`manhom`),
  ADD KEY `FK_NHOM_NGUOIDUNG` (`giangvien`),
  ADD KEY `FK_nhom_monhoc` (`mamonhoc`);

--
-- Indexes for table `nhomquyen`
--
ALTER TABLE `nhomquyen`
  ADD PRIMARY KEY (`manhomquyen`);

--
-- Indexes for table `phancong`
--
ALTER TABLE `phancong`
  ADD PRIMARY KEY (`mamonhoc`,`manguoidung`),
  ADD KEY `FK_giangday_nguoidung` (`manguoidung`);

--
-- Indexes for table `thongbao`
--
ALTER TABLE `thongbao`
  ADD PRIMARY KEY (`matb`),
  ADD KEY `FK_THONGBAO_NGUOIDUNG` (`nguoitao`);

--
-- AUTO_INCREMENT for dumped tables
--

--
-- AUTO_INCREMENT for table `cauhoi`
--
ALTER TABLE `cauhoi`
  MODIFY `macauhoi` int(11) NOT NULL AUTO_INCREMENT, AUTO_INCREMENT=538;

--
-- AUTO_INCREMENT for table `cautraloi`
--
ALTER TABLE `cautraloi`
  MODIFY `macautl` int(11) NOT NULL AUTO_INCREMENT, AUTO_INCREMENT=2147;

--
-- AUTO_INCREMENT for table `chuong`
--
ALTER TABLE `chuong`
  MODIFY `machuong` int(11) NOT NULL AUTO_INCREMENT, AUTO_INCREMENT=35;

--
-- AUTO_INCREMENT for table `dethi`
--
ALTER TABLE `dethi`
  MODIFY `made` int(11) NOT NULL AUTO_INCREMENT, AUTO_INCREMENT=22;

--
-- AUTO_INCREMENT for table `ketqua`
--
ALTER TABLE `ketqua`
  MODIFY `makq` int(11) NOT NULL AUTO_INCREMENT, AUTO_INCREMENT=153;

--
-- AUTO_INCREMENT for table `monhoc`
--
ALTER TABLE `monhoc`
  MODIFY `mamonhoc` int(11) NOT NULL AUTO_INCREMENT, AUTO_INCREMENT=841465;

--
-- AUTO_INCREMENT for table `nhom`
--
ALTER TABLE `nhom`
  MODIFY `manhom` int(11) NOT NULL AUTO_INCREMENT, AUTO_INCREMENT=12;

--
-- AUTO_INCREMENT for table `nhomquyen`
--
ALTER TABLE `nhomquyen`
  MODIFY `manhomquyen` int(11) NOT NULL AUTO_INCREMENT, AUTO_INCREMENT=15;

--
-- AUTO_INCREMENT for table `thongbao`
--
ALTER TABLE `thongbao`
  MODIFY `matb` int(11) NOT NULL AUTO_INCREMENT, AUTO_INCREMENT=8;

--
-- Constraints for dumped tables
--

--
-- Constraints for table `cauhoi`
--
ALTER TABLE `cauhoi`
  ADD CONSTRAINT `FK_CAUHOI_CHUONG` FOREIGN KEY (`machuong`) REFERENCES `chuong` (`machuong`) ON DELETE NO ACTION ON UPDATE NO ACTION,
  ADD CONSTRAINT `FK_CAUHOI_MONHOC` FOREIGN KEY (`mamonhoc`) REFERENCES `monhoc` (`mamonhoc`) ON DELETE NO ACTION ON UPDATE NO ACTION;

--
-- Constraints for table `cautraloi`
--
ALTER TABLE `cautraloi`
  ADD CONSTRAINT `FK_CAUTRALOI_CAUHOI` FOREIGN KEY (`macauhoi`) REFERENCES `cauhoi` (`macauhoi`) ON DELETE NO ACTION ON UPDATE NO ACTION;

--
-- Constraints for table `chitietdethi`
--
ALTER TABLE `chitietdethi`
  ADD CONSTRAINT `FK_CHITIETDETHI_CAUHOI` FOREIGN KEY (`macauhoi`) REFERENCES `cauhoi` (`macauhoi`) ON DELETE NO ACTION ON UPDATE NO ACTION,
  ADD CONSTRAINT `FK_CHITIETDETHI_DETHI` FOREIGN KEY (`made`) REFERENCES `dethi` (`made`) ON DELETE NO ACTION ON UPDATE NO ACTION;

--
-- Constraints for table `chitietketqua`
--
ALTER TABLE `chitietketqua`
  ADD CONSTRAINT `FK_CHITIETKETQUA_CAUHOI` FOREIGN KEY (`macauhoi`) REFERENCES `cauhoi` (`macauhoi`) ON DELETE NO ACTION ON UPDATE NO ACTION,
  ADD CONSTRAINT `FK_CHITIETKETQUA_CAUTRALOI` FOREIGN KEY (`dapanchon`) REFERENCES `cautraloi` (`macautl`) ON DELETE NO ACTION ON UPDATE NO ACTION,
  ADD CONSTRAINT `FK_CHITIETKETQUA_KETQUA` FOREIGN KEY (`makq`) REFERENCES `ketqua` (`makq`) ON DELETE NO ACTION ON UPDATE NO ACTION;

--
-- Constraints for table `chitietnhom`
--
ALTER TABLE `chitietnhom`
  ADD CONSTRAINT `FK_CHITIETNHOM_NHOM` FOREIGN KEY (`manhom`) REFERENCES `nhom` (`manhom`) ON DELETE NO ACTION ON UPDATE NO ACTION,
  ADD CONSTRAINT `FK_chitietnhom_nguoidung` FOREIGN KEY (`manguoidung`) REFERENCES `nguoidung` (`id`) ON DELETE CASCADE ON UPDATE CASCADE;

--
-- Constraints for table `chitietquyen`
--
ALTER TABLE `chitietquyen`
  ADD CONSTRAINT `FK_CHITIETQUYEN_NHOMQUYEN` FOREIGN KEY (`manhomquyen`) REFERENCES `nhomquyen` (`manhomquyen`) ON DELETE NO ACTION ON UPDATE NO ACTION,
  ADD CONSTRAINT `chitietquyen_ibfk_1` FOREIGN KEY (`chucnang`) REFERENCES `danhmucchucnang` (`chucnang`);

--
-- Constraints for table `chitietthongbao`
--
ALTER TABLE `chitietthongbao`
  ADD CONSTRAINT `FK_CHITIETTHONGBAO_NHOM` FOREIGN KEY (`manhom`) REFERENCES `nhom` (`manhom`) ON DELETE NO ACTION ON UPDATE NO ACTION,
  ADD CONSTRAINT `FK_CHITIETTHONGBAO_THONGBAO` FOREIGN KEY (`matb`) REFERENCES `thongbao` (`matb`) ON DELETE NO ACTION ON UPDATE NO ACTION;

--
-- Constraints for table `chuong`
--
ALTER TABLE `chuong`
  ADD CONSTRAINT `FK_CHUONG_MONHOC` FOREIGN KEY (`mamonhoc`) REFERENCES `monhoc` (`mamonhoc`) ON DELETE NO ACTION ON UPDATE NO ACTION;

--
-- Constraints for table `dethitudong`
--
ALTER TABLE `dethitudong`
  ADD CONSTRAINT `FK_DETHITUDONG_CHUONG` FOREIGN KEY (`machuong`) REFERENCES `chuong` (`machuong`) ON DELETE NO ACTION ON UPDATE NO ACTION,
  ADD CONSTRAINT `FK_DETHITUDONG_DETHI` FOREIGN KEY (`made`) REFERENCES `dethi` (`made`) ON DELETE NO ACTION ON UPDATE NO ACTION;

--
-- Constraints for table `giaodethi`
--
ALTER TABLE `giaodethi`
  ADD CONSTRAINT `FK_GIAODETHI_DETHI` FOREIGN KEY (`made`) REFERENCES `dethi` (`made`) ON DELETE NO ACTION ON UPDATE NO ACTION,
  ADD CONSTRAINT `FK_GIAODETHI_NHOM` FOREIGN KEY (`manhom`) REFERENCES `nhom` (`manhom`) ON DELETE NO ACTION ON UPDATE NO ACTION;

--
-- Constraints for table `ketqua`
--
ALTER TABLE `ketqua`
  ADD CONSTRAINT `FK_KETQUA_DETHI` FOREIGN KEY (`made`) REFERENCES `dethi` (`made`) ON DELETE NO ACTION ON UPDATE NO ACTION,
  ADD CONSTRAINT `FK_ketqua_nguoidung` FOREIGN KEY (`manguoidung`) REFERENCES `nguoidung` (`id`) ON DELETE NO ACTION ON UPDATE NO ACTION;

--
-- Constraints for table `nguoidung`
--
ALTER TABLE `nguoidung`
  ADD CONSTRAINT `FK_NGUOIDUNG_NHOMQUYEN` FOREIGN KEY (`manhomquyen`) REFERENCES `nhomquyen` (`manhomquyen`) ON DELETE NO ACTION ON UPDATE NO ACTION;

--
-- Constraints for table `nhom`
--
ALTER TABLE `nhom`
  ADD CONSTRAINT `FK_nhom_monhoc` FOREIGN KEY (`mamonhoc`) REFERENCES `monhoc` (`mamonhoc`) ON DELETE NO ACTION ON UPDATE NO ACTION;

--
-- Constraints for table `phancong`
--
ALTER TABLE `phancong`
  ADD CONSTRAINT `FK_giangday_monhoc` FOREIGN KEY (`mamonhoc`) REFERENCES `monhoc` (`mamonhoc`) ON DELETE NO ACTION ON UPDATE NO ACTION,
  ADD CONSTRAINT `FK_phancong_nguoidung` FOREIGN KEY (`manguoidung`) REFERENCES `nguoidung` (`id`) ON DELETE NO ACTION ON UPDATE NO ACTION;
COMMIT;

/*!40101 SET CHARACTER_SET_CLIENT=@OLD_CHARACTER_SET_CLIENT */;
/*!40101 SET CHARACTER_SET_RESULTS=@OLD_CHARACTER_SET_RESULTS */;
/*!40101 SET COLLATION_CONNECTION=@OLD_COLLATION_CONNECTION */;
